,name,new_id
0,000008.jpg,0
1,004806.jpg,0
2,019010.jpg,0
3,021177.jpg,0
4,038160.jpg,0
5,047098.jpg,0
6,055280.jpg,0
7,057503.jpg,0
8,063975.jpg,0
9,070510.jpg,0
10,074995.jpg,0
11,079796.jpg,0
12,090634.jpg,0
13,092070.jpg,0
14,107068.jpg,0
15,108513.jpg,0
16,112474.jpg,0
17,114769.jpg,0
18,120293.jpg,0
19,134062.jpg,0
20,135144.jpg,0
21,135319.jpg,0
22,136231.jpg,0
23,137531.jpg,0
24,151879.jpg,0
25,152417.jpg,0
26,153620.jpg,0
27,154615.jpg,0
28,154835.jpg,0
29,157036.jpg,0
30,000038.jpg,1
31,000082.jpg,1
32,004213.jpg,1
33,006458.jpg,1
34,009169.jpg,1
35,016664.jpg,1
36,023617.jpg,1
37,024662.jpg,1
38,030967.jpg,1
39,032277.jpg,1
40,041403.jpg,1
41,052520.jpg,1
42,054621.jpg,1
43,056344.jpg,1
44,076227.jpg,1
45,089389.jpg,1
46,089441.jpg,1
47,090328.jpg,1
48,091232.jpg,1
49,101833.jpg,1
50,103127.jpg,1
51,105417.jpg,1
52,108140.jpg,1
53,120863.jpg,1
54,133084.jpg,1
55,137059.jpg,1
56,149081.jpg,1
57,151489.jpg,1
58,154245.jpg,1
59,158981.jpg,1
60,000104.jpg,2
61,000960.jpg,2
62,003715.jpg,2
63,013205.jpg,2
64,024065.jpg,2
65,027375.jpg,2
66,038752.jpg,2
67,042838.jpg,2
68,043845.jpg,2
69,047780.jpg,2
70,047887.jpg,2
71,049005.jpg,2
72,050265.jpg,2
73,054248.jpg,2
74,055041.jpg,2
75,061794.jpg,2
76,064015.jpg,2
77,065723.jpg,2
78,082121.jpg,2
79,098394.jpg,2
80,106078.jpg,2
81,110897.jpg,2
82,112815.jpg,2
83,120034.jpg,2
84,122363.jpg,2
85,125451.jpg,2
86,127771.jpg,2
87,145870.jpg,2
88,151032.jpg,2
89,154627.jpg,2
90,000114.jpg,3
91,000825.jpg,3
92,009399.jpg,3
93,011760.jpg,3
94,012577.jpg,3
95,022967.jpg,3
96,023155.jpg,3
97,033367.jpg,3
98,035299.jpg,3
99,038317.jpg,3
100,054382.jpg,3
101,061983.jpg,3
102,072895.jpg,3
103,089654.jpg,3
104,090091.jpg,3
105,092140.jpg,3
106,095972.jpg,3
107,097096.jpg,3
108,106860.jpg,3
109,107555.jpg,3
110,115937.jpg,3
111,116482.jpg,3
112,118439.jpg,3
113,119408.jpg,3
114,131714.jpg,3
115,132326.jpg,3
116,134242.jpg,3
117,136128.jpg,3
118,142759.jpg,3
119,158958.jpg,3
120,000129.jpg,4
121,003668.jpg,4
122,012332.jpg,4
123,020035.jpg,4
124,020167.jpg,4
125,024490.jpg,4
126,028224.jpg,4
127,030660.jpg,4
128,030801.jpg,4
129,037220.jpg,4
130,042881.jpg,4
131,050516.jpg,4
132,057820.jpg,4
133,060259.jpg,4
134,064256.jpg,4
135,067303.jpg,4
136,068303.jpg,4
137,074968.jpg,4
138,079108.jpg,4
139,091134.jpg,4
140,094794.jpg,4
141,103090.jpg,4
142,111500.jpg,4
143,126984.jpg,4
144,133676.jpg,4
145,144753.jpg,4
146,148251.jpg,4
147,151336.jpg,4
148,158536.jpg,4
149,161347.jpg,4
150,000203.jpg,5
151,008888.jpg,5
152,009952.jpg,5
153,017139.jpg,5
154,023550.jpg,5
155,028620.jpg,5
156,028801.jpg,5
157,033409.jpg,5
158,036379.jpg,5
159,037988.jpg,5
160,038810.jpg,5
161,043707.jpg,5
162,049480.jpg,5
163,050447.jpg,5
164,055553.jpg,5
165,057753.jpg,5
166,059657.jpg,5
167,068522.jpg,5
168,086641.jpg,5
169,087798.jpg,5
170,091907.jpg,5
171,097393.jpg,5
172,098924.jpg,5
173,100935.jpg,5
174,105848.jpg,5
175,128662.jpg,5
176,134053.jpg,5
177,134561.jpg,5
178,142213.jpg,5
179,154826.jpg,5
180,000212.jpg,6
181,000651.jpg,6
182,007916.jpg,6
183,008983.jpg,6
184,010505.jpg,6
185,015990.jpg,6
186,024897.jpg,6
187,026294.jpg,6
188,031207.jpg,6
189,032092.jpg,6
190,043014.jpg,6
191,050979.jpg,6
192,051117.jpg,6
193,051792.jpg,6
194,052744.jpg,6
195,057098.jpg,6
196,059848.jpg,6
197,062362.jpg,6
198,063899.jpg,6
199,070001.jpg,6
200,070427.jpg,6
201,083786.jpg,6
202,084490.jpg,6
203,108610.jpg,6
204,120019.jpg,6
205,124604.jpg,6
206,138746.jpg,6
207,144231.jpg,6
208,152419.jpg,6
209,158331.jpg,6
210,000255.jpg,7
211,007395.jpg,7
212,015918.jpg,7
213,023381.jpg,7
214,026851.jpg,7
215,031881.jpg,7
216,046241.jpg,7
217,046583.jpg,7
218,050401.jpg,7
219,052302.jpg,7
220,052950.jpg,7
221,062426.jpg,7
222,072136.jpg,7
223,077727.jpg,7
224,079252.jpg,7
225,081817.jpg,7
226,081837.jpg,7
227,088905.jpg,7
228,095750.jpg,7
229,107579.jpg,7
230,109433.jpg,7
231,113280.jpg,7
232,118752.jpg,7
233,126518.jpg,7
234,129301.jpg,7
235,136273.jpg,7
236,141902.jpg,7
237,146026.jpg,7
238,155351.jpg,7
239,156115.jpg,7
240,000261.jpg,8
241,002452.jpg,8
242,003461.jpg,8
243,012072.jpg,8
244,029138.jpg,8
245,029908.jpg,8
246,039372.jpg,8
247,042742.jpg,8
248,045022.jpg,8
249,045037.jpg,8
250,046468.jpg,8
251,050914.jpg,8
252,060615.jpg,8
253,064540.jpg,8
254,071167.jpg,8
255,081226.jpg,8
256,087336.jpg,8
257,087638.jpg,8
258,095228.jpg,8
259,096080.jpg,8
260,112845.jpg,8
261,121370.jpg,8
262,128754.jpg,8
263,131968.jpg,8
264,134466.jpg,8
265,135752.jpg,8
266,142089.jpg,8
267,142656.jpg,8
268,153756.jpg,8
269,159919.jpg,8
270,000380.jpg,9
271,001032.jpg,9
272,004503.jpg,9
273,008263.jpg,9
274,012755.jpg,9
275,025644.jpg,9
276,029979.jpg,9
277,036308.jpg,9
278,049158.jpg,9
279,049750.jpg,9
280,063834.jpg,9
281,067435.jpg,9
282,071612.jpg,9
283,092777.jpg,9
284,093540.jpg,9
285,097403.jpg,9
286,105223.jpg,9
287,110333.jpg,9
288,119765.jpg,9
289,121958.jpg,9
290,123010.jpg,9
291,124651.jpg,9
292,127207.jpg,9
293,130832.jpg,9
294,139811.jpg,9
295,153627.jpg,9
296,155274.jpg,9
297,156347.jpg,9
298,157105.jpg,9
299,162423.jpg,9
300,000479.jpg,10
301,013697.jpg,10
302,018249.jpg,10
303,019814.jpg,10
304,022628.jpg,10
305,023231.jpg,10
306,026178.jpg,10
307,028167.jpg,10
308,028446.jpg,10
309,045523.jpg,10
310,048128.jpg,10
311,054049.jpg,10
312,074910.jpg,10
313,084468.jpg,10
314,084640.jpg,10
315,088044.jpg,10
316,092443.jpg,10
317,093722.jpg,10
318,093851.jpg,10
319,100740.jpg,10
320,102982.jpg,10
321,111411.jpg,10
322,117990.jpg,10
323,127795.jpg,10
324,128343.jpg,10
325,131327.jpg,10
326,140305.jpg,10
327,140809.jpg,10
328,150839.jpg,10
329,153815.jpg,10
330,000572.jpg,11
331,001983.jpg,11
332,013080.jpg,11
333,013396.jpg,11
334,013710.jpg,11
335,020571.jpg,11
336,023131.jpg,11
337,025442.jpg,11
338,025912.jpg,11
339,035393.jpg,11
340,035938.jpg,11
341,038376.jpg,11
342,060194.jpg,11
343,071224.jpg,11
344,085817.jpg,11
345,087299.jpg,11
346,095678.jpg,11
347,096211.jpg,11
348,098186.jpg,11
349,100185.jpg,11
350,103097.jpg,11
351,104442.jpg,11
352,124758.jpg,11
353,133178.jpg,11
354,134732.jpg,11
355,137427.jpg,11
356,138120.jpg,11
357,145595.jpg,11
358,149983.jpg,11
359,153723.jpg,11
360,000622.jpg,12
361,000723.jpg,12
362,000913.jpg,12
363,016262.jpg,12
364,021643.jpg,12
365,023273.jpg,12
366,039903.jpg,12
367,047093.jpg,12
368,067623.jpg,12
369,082824.jpg,12
370,090651.jpg,12
371,090917.jpg,12
372,098090.jpg,12
373,102176.jpg,12
374,103995.jpg,12
375,113552.jpg,12
376,113680.jpg,12
377,116812.jpg,12
378,118469.jpg,12
379,121395.jpg,12
380,125028.jpg,12
381,128748.jpg,12
382,140019.jpg,12
383,141117.jpg,12
384,146506.jpg,12
385,152910.jpg,12
386,156737.jpg,12
387,156954.jpg,12
388,158825.jpg,12
389,162677.jpg,12
390,000717.jpg,13
391,003581.jpg,13
392,009532.jpg,13
393,023719.jpg,13
394,024618.jpg,13
395,041704.jpg,13
396,042591.jpg,13
397,047666.jpg,13
398,050301.jpg,13
399,050615.jpg,13
400,054448.jpg,13
401,055667.jpg,13
402,056097.jpg,13
403,056976.jpg,13
404,061405.jpg,13
405,066463.jpg,13
406,069028.jpg,13
407,070926.jpg,13
408,077113.jpg,13
409,078837.jpg,13
410,080529.jpg,13
411,081469.jpg,13
412,081939.jpg,13
413,092807.jpg,13
414,100829.jpg,13
415,111583.jpg,13
416,113757.jpg,13
417,132804.jpg,13
418,152013.jpg,13
419,160461.jpg,13
420,000747.jpg,14
421,007023.jpg,14
422,013372.jpg,14
423,019745.jpg,14
424,027206.jpg,14
425,028739.jpg,14
426,034779.jpg,14
427,039673.jpg,14
428,040732.jpg,14
429,042463.jpg,14
430,045881.jpg,14
431,051559.jpg,14
432,059101.jpg,14
433,059179.jpg,14
434,071609.jpg,14
435,079857.jpg,14
436,086610.jpg,14
437,094100.jpg,14
438,095223.jpg,14
439,099584.jpg,14
440,104358.jpg,14
441,106182.jpg,14
442,112522.jpg,14
443,130178.jpg,14
444,132619.jpg,14
445,138072.jpg,14
446,145789.jpg,14
447,147665.jpg,14
448,151598.jpg,14
449,162193.jpg,14
450,000829.jpg,15
451,009997.jpg,15
452,011043.jpg,15
453,014102.jpg,15
454,018382.jpg,15
455,020288.jpg,15
456,027967.jpg,15
457,032903.jpg,15
458,073128.jpg,15
459,075312.jpg,15
460,075853.jpg,15
461,078818.jpg,15
462,084374.jpg,15
463,093428.jpg,15
464,094883.jpg,15
465,100279.jpg,15
466,108465.jpg,15
467,112680.jpg,15
468,114699.jpg,15
469,133516.jpg,15
470,138716.jpg,15
471,149214.jpg,15
472,150411.jpg,15
473,150775.jpg,15
474,151748.jpg,15
475,153344.jpg,15
476,159208.jpg,15
477,160948.jpg,15
478,161757.jpg,15
479,162208.jpg,15
480,000853.jpg,16
481,003430.jpg,16
482,008707.jpg,16
483,009884.jpg,16
484,012586.jpg,16
485,021087.jpg,16
486,023014.jpg,16
487,023514.jpg,16
488,030978.jpg,16
489,037217.jpg,16
490,044406.jpg,16
491,046757.jpg,16
492,053428.jpg,16
493,057531.jpg,16
494,075917.jpg,16
495,076515.jpg,16
496,083271.jpg,16
497,093251.jpg,16
498,094626.jpg,16
499,096766.jpg,16
500,097625.jpg,16
501,098584.jpg,16
502,125589.jpg,16
503,139537.jpg,16
504,147622.jpg,16
505,147640.jpg,16
506,152956.jpg,16
507,158403.jpg,16
508,160149.jpg,16
509,162482.jpg,16
510,000855.jpg,17
511,001524.jpg,17
512,011248.jpg,17
513,014902.jpg,17
514,015926.jpg,17
515,026899.jpg,17
516,036393.jpg,17
517,037135.jpg,17
518,040721.jpg,17
519,051357.jpg,17
520,053695.jpg,17
521,062392.jpg,17
522,074169.jpg,17
523,081605.jpg,17
524,091793.jpg,17
525,112543.jpg,17
526,115381.jpg,17
527,115857.jpg,17
528,117076.jpg,17
529,119766.jpg,17
530,127587.jpg,17
531,128148.jpg,17
532,129596.jpg,17
533,129672.jpg,17
534,132232.jpg,17
535,144895.jpg,17
536,149872.jpg,17
537,156660.jpg,17
538,157369.jpg,17
539,157461.jpg,17
540,000861.jpg,18
541,008254.jpg,18
542,010167.jpg,18
543,012432.jpg,18
544,013136.jpg,18
545,020700.jpg,18
546,021913.jpg,18
547,024412.jpg,18
548,025900.jpg,18
549,027112.jpg,18
550,035121.jpg,18
551,038844.jpg,18
552,042595.jpg,18
553,044868.jpg,18
554,045694.jpg,18
555,048013.jpg,18
556,052378.jpg,18
557,057186.jpg,18
558,067869.jpg,18
559,079254.jpg,18
560,085674.jpg,18
561,091774.jpg,18
562,094787.jpg,18
563,105256.jpg,18
564,108288.jpg,18
565,129508.jpg,18
566,136341.jpg,18
567,149930.jpg,18
568,155386.jpg,18
569,156724.jpg,18
570,000908.jpg,19
571,005403.jpg,19
572,009975.jpg,19
573,010321.jpg,19
574,015620.jpg,19
575,034557.jpg,19
576,036896.jpg,19
577,042223.jpg,19
578,065131.jpg,19
579,067198.jpg,19
580,068433.jpg,19
581,076719.jpg,19
582,077046.jpg,19
583,081993.jpg,19
584,082277.jpg,19
585,089658.jpg,19
586,090050.jpg,19
587,091824.jpg,19
588,092787.jpg,19
589,116226.jpg,19
590,117464.jpg,19
591,119694.jpg,19
592,125397.jpg,19
593,125417.jpg,19
594,127322.jpg,19
595,137322.jpg,19
596,142373.jpg,19
597,142873.jpg,19
598,148292.jpg,19
599,150866.jpg,19
600,000990.jpg,20
601,004188.jpg,20
602,025875.jpg,20
603,027777.jpg,20
604,037208.jpg,20
605,037533.jpg,20
606,038134.jpg,20
607,046166.jpg,20
608,055653.jpg,20
609,060348.jpg,20
610,063425.jpg,20
611,077243.jpg,20
612,085808.jpg,20
613,086007.jpg,20
614,086648.jpg,20
615,091634.jpg,20
616,111138.jpg,20
617,117644.jpg,20
618,119230.jpg,20
619,128147.jpg,20
620,129232.jpg,20
621,132627.jpg,20
622,134813.jpg,20
623,134961.jpg,20
624,140619.jpg,20
625,144546.jpg,20
626,146293.jpg,20
627,152226.jpg,20
628,153949.jpg,20
629,158184.jpg,20
630,000993.jpg,21
631,005920.jpg,21
632,019084.jpg,21
633,033170.jpg,21
634,048236.jpg,21
635,052033.jpg,21
636,058243.jpg,21
637,075337.jpg,21
638,085563.jpg,21
639,086804.jpg,21
640,093284.jpg,21
641,096604.jpg,21
642,104918.jpg,21
643,105388.jpg,21
644,107901.jpg,21
645,108752.jpg,21
646,110798.jpg,21
647,112294.jpg,21
648,117692.jpg,21
649,123723.jpg,21
650,125046.jpg,21
651,125277.jpg,21
652,127353.jpg,21
653,139371.jpg,21
654,139605.jpg,21
655,140634.jpg,21
656,143085.jpg,21
657,146742.jpg,21
658,147039.jpg,21
659,147437.jpg,21
660,001020.jpg,22
661,004355.jpg,22
662,010226.jpg,22
663,015505.jpg,22
664,015913.jpg,22
665,022439.jpg,22
666,022611.jpg,22
667,023722.jpg,22
668,035703.jpg,22
669,043993.jpg,22
670,046473.jpg,22
671,047345.jpg,22
672,050827.jpg,22
673,054983.jpg,22
674,055907.jpg,22
675,057534.jpg,22
676,070364.jpg,22
677,092816.jpg,22
678,094676.jpg,22
679,097450.jpg,22
680,105365.jpg,22
681,107230.jpg,22
682,109819.jpg,22
683,109878.jpg,22
684,124189.jpg,22
685,137248.jpg,22
686,140017.jpg,22
687,143849.jpg,22
688,153653.jpg,22
689,155402.jpg,22
690,001208.jpg,23
691,002030.jpg,23
692,005731.jpg,23
693,010929.jpg,23
694,015265.jpg,23
695,016807.jpg,23
696,020553.jpg,23
697,025207.jpg,23
698,026258.jpg,23
699,029009.jpg,23
700,035585.jpg,23
701,044594.jpg,23
702,047575.jpg,23
703,054540.jpg,23
704,055990.jpg,23
705,058189.jpg,23
706,066112.jpg,23
707,075148.jpg,23
708,077355.jpg,23
709,093398.jpg,23
710,100770.jpg,23
711,104189.jpg,23
712,121764.jpg,23
713,123862.jpg,23
714,124885.jpg,23
715,143729.jpg,23
716,146423.jpg,23
717,151875.jpg,23
718,153417.jpg,23
719,159205.jpg,23
720,001247.jpg,24
721,011342.jpg,24
722,018356.jpg,24
723,019091.jpg,24
724,020881.jpg,24
725,024704.jpg,24
726,030562.jpg,24
727,034968.jpg,24
728,035753.jpg,24
729,048891.jpg,24
730,049533.jpg,24
731,050362.jpg,24
732,053123.jpg,24
733,059644.jpg,24
734,064757.jpg,24
735,065053.jpg,24
736,067446.jpg,24
737,068801.jpg,24
738,069809.jpg,24
739,070146.jpg,24
740,072616.jpg,24
741,075585.jpg,24
742,103071.jpg,24
743,111209.jpg,24
744,113203.jpg,24
745,115378.jpg,24
746,118436.jpg,24
747,133858.jpg,24
748,134964.jpg,24
749,154543.jpg,24
750,001283.jpg,25
751,003388.jpg,25
752,005370.jpg,25
753,023412.jpg,25
754,034056.jpg,25
755,044429.jpg,25
756,068879.jpg,25
757,068925.jpg,25
758,069804.jpg,25
759,084932.jpg,25
760,091042.jpg,25
761,095172.jpg,25
762,095584.jpg,25
763,105650.jpg,25
764,111783.jpg,25
765,114876.jpg,25
766,115879.jpg,25
767,123201.jpg,25
768,128531.jpg,25
769,130346.jpg,25
770,131635.jpg,25
771,134028.jpg,25
772,134093.jpg,25
773,138409.jpg,25
774,138872.jpg,25
775,139487.jpg,25
776,143792.jpg,25
777,147408.jpg,25
778,150650.jpg,25
779,154397.jpg,25
780,001291.jpg,26
781,001870.jpg,26
782,012828.jpg,26
783,017578.jpg,26
784,020970.jpg,26
785,025729.jpg,26
786,030436.jpg,26
787,034980.jpg,26
788,044598.jpg,26
789,050453.jpg,26
790,055198.jpg,26
791,061056.jpg,26
792,082209.jpg,26
793,084537.jpg,26
794,084581.jpg,26
795,084699.jpg,26
796,097639.jpg,26
797,105219.jpg,26
798,107654.jpg,26
799,110568.jpg,26
800,114454.jpg,26
801,125740.jpg,26
802,128712.jpg,26
803,134577.jpg,26
804,135843.jpg,26
805,137133.jpg,26
806,140100.jpg,26
807,146947.jpg,26
808,161222.jpg,26
809,161792.jpg,26
810,001402.jpg,27
811,002721.jpg,27
812,007878.jpg,27
813,024644.jpg,27
814,026029.jpg,27
815,027790.jpg,27
816,033373.jpg,27
817,035353.jpg,27
818,046597.jpg,27
819,050972.jpg,27
820,052828.jpg,27
821,056584.jpg,27
822,076338.jpg,27
823,078351.jpg,27
824,078444.jpg,27
825,088193.jpg,27
826,096239.jpg,27
827,101111.jpg,27
828,102463.jpg,27
829,110265.jpg,27
830,110272.jpg,27
831,113318.jpg,27
832,115331.jpg,27
833,118131.jpg,27
834,121625.jpg,27
835,122056.jpg,27
836,126622.jpg,27
837,148466.jpg,27
838,149815.jpg,27
839,150713.jpg,27
840,001424.jpg,28
841,004769.jpg,28
842,009778.jpg,28
843,011579.jpg,28
844,032239.jpg,28
845,034182.jpg,28
846,035796.jpg,28
847,045120.jpg,28
848,047752.jpg,28
849,051464.jpg,28
850,061049.jpg,28
851,061788.jpg,28
852,067229.jpg,28
853,068537.jpg,28
854,069520.jpg,28
855,074519.jpg,28
856,081295.jpg,28
857,083506.jpg,28
858,091380.jpg,28
859,093294.jpg,28
860,101146.jpg,28
861,101678.jpg,28
862,104614.jpg,28
863,116147.jpg,28
864,125389.jpg,28
865,136811.jpg,28
866,150012.jpg,28
867,155462.jpg,28
868,157099.jpg,28
869,157959.jpg,28
870,001451.jpg,29
871,002676.jpg,29
872,003823.jpg,29
873,016271.jpg,29
874,016311.jpg,29
875,016477.jpg,29
876,017366.jpg,29
877,023497.jpg,29
878,023767.jpg,29
879,045461.jpg,29
880,050141.jpg,29
881,073012.jpg,29
882,074429.jpg,29
883,075055.jpg,29
884,078853.jpg,29
885,082236.jpg,29
886,086396.jpg,29
887,095249.jpg,29
888,095341.jpg,29
889,101329.jpg,29
890,105589.jpg,29
891,111656.jpg,29
892,121352.jpg,29
893,121361.jpg,29
894,126724.jpg,29
895,132077.jpg,29
896,141063.jpg,29
897,146184.jpg,29
898,152434.jpg,29
899,154818.jpg,29
900,001545.jpg,30
901,002212.jpg,30
902,008022.jpg,30
903,014710.jpg,30
904,021576.jpg,30
905,028607.jpg,30
906,031928.jpg,30
907,033733.jpg,30
908,039969.jpg,30
909,048504.jpg,30
910,051000.jpg,30
911,051228.jpg,30
912,058510.jpg,30
913,062610.jpg,30
914,065521.jpg,30
915,069930.jpg,30
916,077848.jpg,30
917,083229.jpg,30
918,098658.jpg,30
919,099809.jpg,30
920,101751.jpg,30
921,103681.jpg,30
922,115637.jpg,30
923,117601.jpg,30
924,120942.jpg,30
925,128044.jpg,30
926,139482.jpg,30
927,143599.jpg,30
928,146805.jpg,30
929,146930.jpg,30
930,001582.jpg,31
931,005587.jpg,31
932,008947.jpg,31
933,014774.jpg,31
934,023430.jpg,31
935,026000.jpg,31
936,028514.jpg,31
937,028986.jpg,31
938,037311.jpg,31
939,039192.jpg,31
940,039396.jpg,31
941,042875.jpg,31
942,045822.jpg,31
943,051751.jpg,31
944,052438.jpg,31
945,065192.jpg,31
946,069767.jpg,31
947,075285.jpg,31
948,087143.jpg,31
949,093352.jpg,31
950,100923.jpg,31
951,106824.jpg,31
952,107182.jpg,31
953,111205.jpg,31
954,115148.jpg,31
955,115503.jpg,31
956,130938.jpg,31
957,138050.jpg,31
958,140216.jpg,31
959,156129.jpg,31
960,001601.jpg,32
961,006151.jpg,32
962,011979.jpg,32
963,012279.jpg,32
964,023003.jpg,32
965,026800.jpg,32
966,034322.jpg,32
967,038191.jpg,32
968,044526.jpg,32
969,044994.jpg,32
970,048095.jpg,32
971,086898.jpg,32
972,087530.jpg,32
973,093599.jpg,32
974,101010.jpg,32
975,103344.jpg,32
976,103726.jpg,32
977,114602.jpg,32
978,118518.jpg,32
979,122768.jpg,32
980,125625.jpg,32
981,136767.jpg,32
982,136773.jpg,32
983,138187.jpg,32
984,143255.jpg,32
985,146393.jpg,32
986,150088.jpg,32
987,151830.jpg,32
988,154855.jpg,32
989,159933.jpg,32
990,001625.jpg,33
991,009827.jpg,33
992,014091.jpg,33
993,018046.jpg,33
994,024354.jpg,33
995,042047.jpg,33
996,060118.jpg,33
997,073097.jpg,33
998,074742.jpg,33
999,078343.jpg,33
1000,079888.jpg,33
1001,087282.jpg,33
1002,096822.jpg,33
1003,099346.jpg,33
1004,102270.jpg,33
1005,107948.jpg,33
1006,109282.jpg,33
1007,111825.jpg,33
1008,117656.jpg,33
1009,119978.jpg,33
1010,135143.jpg,33
1011,135722.jpg,33
1012,139588.jpg,33
1013,146039.jpg,33
1014,149204.jpg,33
1015,149414.jpg,33
1016,152799.jpg,33
1017,158817.jpg,33
1018,159959.jpg,33
1019,162390.jpg,33
1020,001655.jpg,34
1021,005614.jpg,34
1022,011669.jpg,34
1023,016213.jpg,34
1024,017855.jpg,34
1025,019383.jpg,34
1026,023058.jpg,34
1027,023334.jpg,34
1028,028851.jpg,34
1029,030914.jpg,34
1030,043300.jpg,34
1031,055091.jpg,34
1032,056056.jpg,34
1033,066229.jpg,34
1034,066820.jpg,34
1035,071982.jpg,34
1036,076055.jpg,34
1037,080975.jpg,34
1038,088486.jpg,34
1039,099534.jpg,34
1040,100084.jpg,34
1041,132211.jpg,34
1042,133513.jpg,34
1043,145252.jpg,34
1044,159290.jpg,34
1045,159346.jpg,34
1046,160167.jpg,34
1047,160809.jpg,34
1048,161867.jpg,34
1049,162753.jpg,34
1050,001661.jpg,35
1051,021793.jpg,35
1052,023140.jpg,35
1053,026446.jpg,35
1054,032851.jpg,35
1055,038671.jpg,35
1056,046765.jpg,35
1057,046995.jpg,35
1058,055165.jpg,35
1059,056843.jpg,35
1060,061252.jpg,35
1061,061550.jpg,35
1062,067365.jpg,35
1063,070235.jpg,35
1064,078120.jpg,35
1065,083112.jpg,35
1066,084575.jpg,35
1067,089925.jpg,35
1068,096066.jpg,35
1069,096686.jpg,35
1070,097516.jpg,35
1071,112263.jpg,35
1072,116441.jpg,35
1073,123442.jpg,35
1074,139473.jpg,35
1075,157213.jpg,35
1076,158681.jpg,35
1077,160740.jpg,35
1078,161310.jpg,35
1079,161733.jpg,35
1080,001693.jpg,36
1081,002859.jpg,36
1082,015244.jpg,36
1083,016389.jpg,36
1084,018811.jpg,36
1085,025202.jpg,36
1086,025208.jpg,36
1087,028463.jpg,36
1088,029036.jpg,36
1089,030030.jpg,36
1090,032359.jpg,36
1091,045174.jpg,36
1092,047925.jpg,36
1093,051270.jpg,36
1094,054911.jpg,36
1095,058842.jpg,36
1096,073468.jpg,36
1097,078792.jpg,36
1098,084478.jpg,36
1099,091478.jpg,36
1100,093446.jpg,36
1101,108018.jpg,36
1102,115745.jpg,36
1103,124578.jpg,36
1104,124693.jpg,36
1105,131858.jpg,36
1106,153656.jpg,36
1107,156620.jpg,36
1108,158173.jpg,36
1109,162529.jpg,36
1110,001749.jpg,37
1111,010057.jpg,37
1112,024126.jpg,37
1113,025422.jpg,37
1114,028369.jpg,37
1115,028877.jpg,37
1116,040386.jpg,37
1117,041880.jpg,37
1118,042917.jpg,37
1119,060202.jpg,37
1120,062091.jpg,37
1121,074171.jpg,37
1122,087391.jpg,37
1123,087996.jpg,37
1124,097822.jpg,37
1125,102064.jpg,37
1126,103450.jpg,37
1127,104022.jpg,37
1128,107171.jpg,37
1129,107248.jpg,37
1130,108607.jpg,37
1131,111167.jpg,37
1132,121063.jpg,37
1133,129456.jpg,37
1134,136425.jpg,37
1135,138385.jpg,37
1136,139664.jpg,37
1137,140284.jpg,37
1138,156833.jpg,37
1139,158772.jpg,37
1140,001791.jpg,38
1141,002788.jpg,38
1142,004101.jpg,38
1143,005168.jpg,38
1144,007094.jpg,38
1145,028605.jpg,38
1146,029098.jpg,38
1147,030902.jpg,38
1148,034816.jpg,38
1149,042062.jpg,38
1150,044597.jpg,38
1151,044762.jpg,38
1152,065983.jpg,38
1153,088658.jpg,38
1154,091956.jpg,38
1155,092685.jpg,38
1156,092930.jpg,38
1157,097610.jpg,38
1158,099439.jpg,38
1159,100151.jpg,38
1160,106143.jpg,38
1161,107330.jpg,38
1162,114058.jpg,38
1163,125647.jpg,38
1164,139275.jpg,38
1165,144026.jpg,38
1166,145347.jpg,38
1167,146412.jpg,38
1168,159425.jpg,38
1169,160810.jpg,38
1170,001832.jpg,39
1171,004370.jpg,39
1172,005236.jpg,39
1173,008000.jpg,39
1174,011746.jpg,39
1175,014035.jpg,39
1176,015361.jpg,39
1177,020593.jpg,39
1178,026303.jpg,39
1179,033503.jpg,39
1180,045741.jpg,39
1181,057177.jpg,39
1182,064627.jpg,39
1183,067653.jpg,39
1184,072250.jpg,39
1185,076647.jpg,39
1186,084943.jpg,39
1187,086404.jpg,39
1188,097428.jpg,39
1189,119254.jpg,39
1190,122040.jpg,39
1191,122854.jpg,39
1192,124037.jpg,39
1193,124610.jpg,39
1194,125966.jpg,39
1195,134089.jpg,39
1196,149354.jpg,39
1197,152834.jpg,39
1198,156121.jpg,39
1199,156147.jpg,39
1200,001846.jpg,40
1201,007649.jpg,40
1202,009720.jpg,40
1203,016272.jpg,40
1204,018458.jpg,40
1205,020552.jpg,40
1206,020793.jpg,40
1207,025933.jpg,40
1208,026613.jpg,40
1209,026909.jpg,40
1210,035978.jpg,40
1211,036305.jpg,40
1212,036367.jpg,40
1213,040145.jpg,40
1214,052680.jpg,40
1215,057346.jpg,40
1216,065953.jpg,40
1217,072899.jpg,40
1218,078767.jpg,40
1219,104295.jpg,40
1220,106969.jpg,40
1221,115290.jpg,40
1222,118012.jpg,40
1223,122416.jpg,40
1224,123517.jpg,40
1225,129013.jpg,40
1226,130767.jpg,40
1227,138935.jpg,40
1228,149106.jpg,40
1229,160118.jpg,40
1230,001904.jpg,41
1231,002442.jpg,41
1232,003338.jpg,41
1233,007096.jpg,41
1234,019398.jpg,41
1235,026013.jpg,41
1236,030106.jpg,41
1237,034723.jpg,41
1238,052232.jpg,41
1239,053510.jpg,41
1240,058985.jpg,41
1241,061502.jpg,41
1242,063515.jpg,41
1243,067219.jpg,41
1244,074183.jpg,41
1245,079634.jpg,41
1246,081247.jpg,41
1247,086560.jpg,41
1248,090761.jpg,41
1249,101336.jpg,41
1250,108831.jpg,41
1251,110906.jpg,41
1252,111241.jpg,41
1253,112014.jpg,41
1254,117964.jpg,41
1255,129429.jpg,41
1256,143539.jpg,41
1257,144351.jpg,41
1258,150557.jpg,41
1259,156544.jpg,41
1260,001905.jpg,42
1261,006518.jpg,42
1262,009420.jpg,42
1263,009729.jpg,42
1264,015352.jpg,42
1265,016096.jpg,42
1266,018970.jpg,42
1267,027031.jpg,42
1268,037616.jpg,42
1269,038899.jpg,42
1270,042616.jpg,42
1271,046479.jpg,42
1272,052041.jpg,42
1273,053644.jpg,42
1274,056365.jpg,42
1275,060933.jpg,42
1276,062761.jpg,42
1277,069259.jpg,42
1278,071253.jpg,42
1279,079651.jpg,42
1280,084274.jpg,42
1281,098980.jpg,42
1282,103744.jpg,42
1283,104760.jpg,42
1284,105720.jpg,42
1285,107676.jpg,42
1286,107743.jpg,42
1287,131755.jpg,42
1288,156909.jpg,42
1289,162697.jpg,42
1290,001938.jpg,43
1291,013982.jpg,43
1292,015604.jpg,43
1293,039152.jpg,43
1294,041820.jpg,43
1295,041995.jpg,43
1296,042698.jpg,43
1297,045788.jpg,43
1298,047584.jpg,43
1299,051196.jpg,43
1300,051908.jpg,43
1301,054263.jpg,43
1302,057816.jpg,43
1303,059191.jpg,43
1304,060740.jpg,43
1305,063901.jpg,43
1306,070873.jpg,43
1307,073861.jpg,43
1308,076800.jpg,43
1309,086747.jpg,43
1310,100086.jpg,43
1311,101924.jpg,43
1312,102661.jpg,43
1313,109706.jpg,43
1314,118679.jpg,43
1315,119566.jpg,43
1316,119817.jpg,43
1317,130624.jpg,43
1318,131007.jpg,43
1319,132188.jpg,43
1320,001970.jpg,44
1321,016991.jpg,44
1322,018227.jpg,44
1323,022561.jpg,44
1324,031338.jpg,44
1325,034254.jpg,44
1326,041490.jpg,44
1327,046977.jpg,44
1328,048079.jpg,44
1329,051253.jpg,44
1330,054957.jpg,44
1331,055101.jpg,44
1332,057203.jpg,44
1333,057754.jpg,44
1334,074294.jpg,44
1335,074475.jpg,44
1336,092205.jpg,44
1337,095980.jpg,44
1338,097985.jpg,44
1339,108125.jpg,44
1340,108235.jpg,44
1341,108652.jpg,44
1342,108658.jpg,44
1343,111345.jpg,44
1344,130745.jpg,44
1345,136991.jpg,44
1346,145101.jpg,44
1347,147304.jpg,44
1348,151712.jpg,44
1349,152280.jpg,44
1350,001976.jpg,45
1351,003580.jpg,45
1352,007242.jpg,45
1353,009790.jpg,45
1354,018917.jpg,45
1355,024517.jpg,45
1356,024877.jpg,45
1357,035813.jpg,45
1358,038123.jpg,45
1359,039390.jpg,45
1360,043666.jpg,45
1361,045534.jpg,45
1362,057335.jpg,45
1363,058986.jpg,45
1364,061740.jpg,45
1365,071023.jpg,45
1366,082794.jpg,45
1367,087240.jpg,45
1368,103145.jpg,45
1369,107926.jpg,45
1370,108474.jpg,45
1371,114077.jpg,45
1372,115565.jpg,45
1373,115794.jpg,45
1374,117685.jpg,45
1375,120260.jpg,45
1376,128388.jpg,45
1377,144179.jpg,45
1378,149716.jpg,45
1379,158977.jpg,45
1380,001978.jpg,46
1381,002504.jpg,46
1382,008196.jpg,46
1383,012595.jpg,46
1384,018829.jpg,46
1385,024776.jpg,46
1386,029893.jpg,46
1387,034929.jpg,46
1388,039802.jpg,46
1389,050473.jpg,46
1390,057617.jpg,46
1391,057728.jpg,46
1392,058642.jpg,46
1393,078374.jpg,46
1394,091367.jpg,46
1395,094479.jpg,46
1396,096412.jpg,46
1397,104302.jpg,46
1398,105807.jpg,46
1399,106241.jpg,46
1400,106549.jpg,46
1401,108614.jpg,46
1402,109981.jpg,46
1403,119256.jpg,46
1404,122174.jpg,46
1405,123737.jpg,46
1406,126814.jpg,46
1407,140853.jpg,46
1408,145468.jpg,46
1409,147920.jpg,46
1410,001988.jpg,47
1411,005416.jpg,47
1412,009596.jpg,47
1413,011116.jpg,47
1414,020298.jpg,47
1415,021769.jpg,47
1416,041395.jpg,47
1417,042434.jpg,47
1418,048037.jpg,47
1419,051957.jpg,47
1420,055833.jpg,47
1421,061812.jpg,47
1422,069362.jpg,47
1423,070599.jpg,47
1424,070886.jpg,47
1425,082530.jpg,47
1426,084551.jpg,47
1427,091840.jpg,47
1428,093856.jpg,47
1429,100480.jpg,47
1430,106398.jpg,47
1431,133151.jpg,47
1432,142042.jpg,47
1433,145148.jpg,47
1434,147252.jpg,47
1435,152952.jpg,47
1436,154040.jpg,47
1437,158736.jpg,47
1438,158751.jpg,47
1439,160058.jpg,47
1440,002253.jpg,48
1441,002872.jpg,48
1442,019706.jpg,48
1443,020059.jpg,48
1444,028182.jpg,48
1445,029016.jpg,48
1446,039590.jpg,48
1447,063180.jpg,48
1448,067535.jpg,48
1449,069484.jpg,48
1450,074589.jpg,48
1451,075592.jpg,48
1452,077981.jpg,48
1453,081405.jpg,48
1454,085259.jpg,48
1455,092761.jpg,48
1456,101800.jpg,48
1457,103893.jpg,48
1458,115852.jpg,48
1459,121591.jpg,48
1460,123827.jpg,48
1461,123964.jpg,48
1462,128846.jpg,48
1463,132802.jpg,48
1464,134767.jpg,48
1465,140053.jpg,48
1466,143019.jpg,48
1467,143365.jpg,48
1468,146137.jpg,48
1469,160741.jpg,48
1470,002279.jpg,49
1471,003647.jpg,49
1472,010999.jpg,49
1473,013645.jpg,49
1474,014730.jpg,49
1475,016690.jpg,49
1476,020899.jpg,49
1477,030938.jpg,49
1478,037428.jpg,49
1479,051421.jpg,49
1480,054312.jpg,49
1481,056544.jpg,49
1482,058902.jpg,49
1483,059117.jpg,49
1484,068741.jpg,49
1485,077977.jpg,49
1486,084190.jpg,49
1487,088956.jpg,49
1488,100589.jpg,49
1489,104196.jpg,49
1490,110382.jpg,49
1491,112998.jpg,49
1492,115095.jpg,49
1493,122016.jpg,49
1494,128346.jpg,49
1495,130218.jpg,49
1496,139067.jpg,49
1497,142641.jpg,49
1498,145722.jpg,49
1499,146333.jpg,49
1500,002318.jpg,50
1501,006762.jpg,50
1502,023037.jpg,50
1503,035373.jpg,50
1504,037264.jpg,50
1505,038082.jpg,50
1506,051990.jpg,50
1507,054203.jpg,50
1508,064864.jpg,50
1509,064871.jpg,50
1510,067595.jpg,50
1511,074634.jpg,50
1512,077339.jpg,50
1513,077797.jpg,50
1514,077876.jpg,50
1515,080804.jpg,50
1516,098050.jpg,50
1517,102058.jpg,50
1518,109368.jpg,50
1519,110323.jpg,50
1520,112858.jpg,50
1521,114146.jpg,50
1522,127589.jpg,50
1523,141629.jpg,50
1524,141638.jpg,50
1525,144388.jpg,50
1526,144427.jpg,50
1527,144719.jpg,50
1528,149299.jpg,50
1529,153556.jpg,50
1530,002424.jpg,51
1531,004698.jpg,51
1532,006217.jpg,51
1533,019604.jpg,51
1534,021097.jpg,51
1535,034728.jpg,51
1536,040535.jpg,51
1537,047041.jpg,51
1538,049554.jpg,51
1539,050573.jpg,51
1540,055025.jpg,51
1541,059538.jpg,51
1542,063726.jpg,51
1543,064962.jpg,51
1544,065524.jpg,51
1545,067556.jpg,51
1546,070694.jpg,51
1547,071985.jpg,51
1548,077814.jpg,51
1549,078273.jpg,51
1550,084384.jpg,51
1551,111722.jpg,51
1552,112817.jpg,51
1553,113301.jpg,51
1554,113683.jpg,51
1555,113873.jpg,51
1556,123849.jpg,51
1557,138465.jpg,51
1558,143898.jpg,51
1559,156579.jpg,51
1560,002601.jpg,52
1561,009241.jpg,52
1562,015218.jpg,52
1563,022762.jpg,52
1564,022984.jpg,52
1565,031157.jpg,52
1566,035647.jpg,52
1567,036485.jpg,52
1568,038328.jpg,52
1569,042915.jpg,52
1570,045465.jpg,52
1571,048897.jpg,52
1572,049429.jpg,52
1573,053617.jpg,52
1574,054962.jpg,52
1575,060141.jpg,52
1576,066158.jpg,52
1577,072854.jpg,52
1578,076409.jpg,52
1579,082127.jpg,52
1580,104751.jpg,52
1581,105057.jpg,52
1582,105731.jpg,52
1583,118781.jpg,52
1584,121746.jpg,52
1585,131243.jpg,52
1586,137454.jpg,52
1587,153478.jpg,52
1588,159295.jpg,52
1589,162068.jpg,52
1590,002604.jpg,53
1591,011222.jpg,53
1592,023440.jpg,53
1593,028283.jpg,53
1594,032349.jpg,53
1595,035572.jpg,53
1596,047321.jpg,53
1597,051657.jpg,53
1598,054467.jpg,53
1599,060242.jpg,53
1600,062568.jpg,53
1601,066905.jpg,53
1602,070766.jpg,53
1603,076277.jpg,53
1604,080968.jpg,53
1605,084916.jpg,53
1606,085215.jpg,53
1607,097311.jpg,53
1608,101043.jpg,53
1609,102044.jpg,53
1610,102457.jpg,53
1611,103552.jpg,53
1612,106875.jpg,53
1613,112609.jpg,53
1614,118763.jpg,53
1615,125246.jpg,53
1616,128377.jpg,53
1617,147748.jpg,53
1618,157721.jpg,53
1619,162552.jpg,53
1620,002614.jpg,54
1621,002764.jpg,54
1622,007984.jpg,54
1623,008475.jpg,54
1624,015458.jpg,54
1625,016117.jpg,54
1626,021352.jpg,54
1627,023377.jpg,54
1628,034233.jpg,54
1629,034342.jpg,54
1630,035757.jpg,54
1631,036759.jpg,54
1632,039259.jpg,54
1633,050012.jpg,54
1634,064810.jpg,54
1635,074220.jpg,54
1636,086102.jpg,54
1637,087356.jpg,54
1638,088290.jpg,54
1639,094098.jpg,54
1640,096699.jpg,54
1641,103953.jpg,54
1642,105184.jpg,54
1643,117696.jpg,54
1644,118586.jpg,54
1645,121256.jpg,54
1646,132151.jpg,54
1647,146519.jpg,54
1648,154733.jpg,54
1649,159165.jpg,54
1650,002622.jpg,55
1651,003871.jpg,55
1652,015450.jpg,55
1653,022520.jpg,55
1654,023397.jpg,55
1655,026918.jpg,55
1656,033513.jpg,55
1657,037000.jpg,55
1658,038204.jpg,55
1659,041541.jpg,55
1660,044898.jpg,55
1661,049192.jpg,55
1662,053320.jpg,55
1663,053606.jpg,55
1664,054748.jpg,55
1665,054891.jpg,55
1666,060200.jpg,55
1667,072004.jpg,55
1668,081333.jpg,55
1669,095204.jpg,55
1670,107232.jpg,55
1671,116278.jpg,55
1672,118401.jpg,55
1673,121257.jpg,55
1674,129397.jpg,55
1675,136798.jpg,55
1676,138700.jpg,55
1677,139191.jpg,55
1678,140622.jpg,55
1679,156889.jpg,55
1680,002724.jpg,56
1681,006047.jpg,56
1682,033304.jpg,56
1683,038428.jpg,56
1684,042965.jpg,56
1685,044870.jpg,56
1686,044937.jpg,56
1687,046507.jpg,56
1688,055727.jpg,56
1689,056373.jpg,56
1690,062324.jpg,56
1691,063021.jpg,56
1692,080241.jpg,56
1693,085566.jpg,56
1694,094996.jpg,56
1695,104595.jpg,56
1696,104964.jpg,56
1697,109480.jpg,56
1698,113795.jpg,56
1699,117142.jpg,56
1700,125858.jpg,56
1701,128570.jpg,56
1702,131430.jpg,56
1703,133547.jpg,56
1704,134275.jpg,56
1705,145919.jpg,56
1706,148244.jpg,56
1707,150296.jpg,56
1708,156933.jpg,56
1709,162202.jpg,56
1710,002803.jpg,57
1711,005505.jpg,57
1712,007500.jpg,57
1713,011474.jpg,57
1714,017080.jpg,57
1715,022445.jpg,57
1716,025425.jpg,57
1717,025739.jpg,57
1718,029864.jpg,57
1719,030098.jpg,57
1720,030746.jpg,57
1721,042464.jpg,57
1722,042553.jpg,57
1723,047543.jpg,57
1724,048243.jpg,57
1725,051279.jpg,57
1726,055702.jpg,57
1727,063014.jpg,57
1728,063070.jpg,57
1729,069347.jpg,57
1730,077610.jpg,57
1731,083285.jpg,57
1732,098668.jpg,57
1733,102068.jpg,57
1734,121674.jpg,57
1735,129042.jpg,57
1736,132146.jpg,57
1737,132977.jpg,57
1738,141563.jpg,57
1739,149773.jpg,57
1740,002821.jpg,58
1741,004067.jpg,58
1742,021295.jpg,58
1743,023096.jpg,58
1744,032350.jpg,58
1745,033210.jpg,58
1746,052140.jpg,58
1747,054743.jpg,58
1748,065054.jpg,58
1749,065127.jpg,58
1750,066606.jpg,58
1751,068442.jpg,58
1752,072219.jpg,58
1753,073091.jpg,58
1754,074500.jpg,58
1755,077197.jpg,58
1756,082225.jpg,58
1757,082834.jpg,58
1758,088743.jpg,58
1759,089006.jpg,58
1760,093596.jpg,58
1761,110956.jpg,58
1762,122437.jpg,58
1763,125545.jpg,58
1764,129381.jpg,58
1765,133698.jpg,58
1766,138378.jpg,58
1767,153713.jpg,58
1768,154216.jpg,58
1769,160178.jpg,58
1770,002862.jpg,59
1771,009901.jpg,59
1772,011335.jpg,59
1773,012007.jpg,59
1774,013777.jpg,59
1775,013940.jpg,59
1776,015406.jpg,59
1777,016745.jpg,59
1778,017081.jpg,59
1779,031024.jpg,59
1780,035775.jpg,59
1781,047013.jpg,59
1782,052173.jpg,59
1783,061359.jpg,59
1784,062823.jpg,59
1785,063288.jpg,59
1786,064670.jpg,59
1787,084368.jpg,59
1788,090558.jpg,59
1789,110976.jpg,59
1790,128131.jpg,59
1791,131657.jpg,59
1792,136947.jpg,59
1793,139318.jpg,59
1794,140155.jpg,59
1795,141639.jpg,59
1796,143161.jpg,59
1797,147928.jpg,59
1798,153086.jpg,59
1799,154030.jpg,59
1800,002923.jpg,60
1801,008959.jpg,60
1802,015945.jpg,60
1803,016982.jpg,60
1804,018178.jpg,60
1805,034405.jpg,60
1806,035249.jpg,60
1807,035855.jpg,60
1808,036839.jpg,60
1809,036957.jpg,60
1810,040515.jpg,60
1811,042515.jpg,60
1812,045809.jpg,60
1813,048543.jpg,60
1814,054517.jpg,60
1815,061839.jpg,60
1816,062881.jpg,60
1817,075360.jpg,60
1818,083601.jpg,60
1819,088449.jpg,60
1820,101271.jpg,60
1821,112962.jpg,60
1822,115160.jpg,60
1823,128437.jpg,60
1824,130042.jpg,60
1825,142861.jpg,60
1826,146163.jpg,60
1827,148421.jpg,60
1828,151265.jpg,60
1829,161360.jpg,60
1830,002926.jpg,61
1831,006730.jpg,61
1832,006831.jpg,61
1833,015154.jpg,61
1834,015431.jpg,61
1835,021413.jpg,61
1836,022747.jpg,61
1837,029052.jpg,61
1838,049065.jpg,61
1839,050628.jpg,61
1840,054859.jpg,61
1841,055113.jpg,61
1842,056278.jpg,61
1843,067892.jpg,61
1844,088375.jpg,61
1845,091738.jpg,61
1846,096252.jpg,61
1847,098662.jpg,61
1848,102352.jpg,61
1849,104275.jpg,61
1850,115704.jpg,61
1851,122287.jpg,61
1852,128855.jpg,61
1853,137264.jpg,61
1854,139395.jpg,61
1855,139904.jpg,61
1856,143913.jpg,61
1857,145098.jpg,61
1858,154114.jpg,61
1859,162648.jpg,61
1860,003025.jpg,62
1861,003718.jpg,62
1862,009134.jpg,62
1863,009593.jpg,62
1864,010177.jpg,62
1865,015542.jpg,62
1866,015940.jpg,62
1867,020545.jpg,62
1868,023045.jpg,62
1869,025975.jpg,62
1870,038770.jpg,62
1871,038979.jpg,62
1872,040322.jpg,62
1873,042219.jpg,62
1874,045941.jpg,62
1875,051529.jpg,62
1876,058468.jpg,62
1877,059741.jpg,62
1878,065714.jpg,62
1879,066313.jpg,62
1880,067996.jpg,62
1881,074189.jpg,62
1882,081015.jpg,62
1883,108632.jpg,62
1884,109127.jpg,62
1885,115532.jpg,62
1886,121559.jpg,62
1887,121820.jpg,62
1888,124053.jpg,62
1889,126799.jpg,62
1890,003141.jpg,63
1891,004543.jpg,63
1892,008973.jpg,63
1893,009299.jpg,63
1894,014110.jpg,63
1895,016308.jpg,63
1896,017160.jpg,63
1897,027506.jpg,63
1898,033382.jpg,63
1899,045701.jpg,63
1900,051997.jpg,63
1901,053658.jpg,63
1902,061986.jpg,63
1903,068156.jpg,63
1904,068406.jpg,63
1905,071408.jpg,63
1906,075273.jpg,63
1907,081238.jpg,63
1908,084820.jpg,63
1909,085187.jpg,63
1910,088305.jpg,63
1911,098807.jpg,63
1912,105170.jpg,63
1913,105795.jpg,63
1914,114596.jpg,63
1915,122222.jpg,63
1916,123816.jpg,63
1917,134340.jpg,63
1918,139841.jpg,63
1919,148738.jpg,63
1920,003143.jpg,64
1921,010912.jpg,64
1922,011455.jpg,64
1923,025091.jpg,64
1924,044803.jpg,64
1925,048601.jpg,64
1926,056542.jpg,64
1927,067750.jpg,64
1928,070426.jpg,64
1929,074077.jpg,64
1930,078620.jpg,64
1931,079438.jpg,64
1932,079751.jpg,64
1933,080894.jpg,64
1934,081472.jpg,64
1935,088220.jpg,64
1936,088963.jpg,64
1937,090315.jpg,64
1938,094337.jpg,64
1939,097138.jpg,64
1940,098247.jpg,64
1941,102271.jpg,64
1942,114467.jpg,64
1943,118897.jpg,64
1944,126944.jpg,64
1945,128795.jpg,64
1946,138918.jpg,64
1947,148249.jpg,64
1948,150177.jpg,64
1949,159151.jpg,64
1950,003311.jpg,65
1951,009498.jpg,65
1952,013438.jpg,65
1953,014006.jpg,65
1954,015044.jpg,65
1955,019204.jpg,65
1956,027520.jpg,65
1957,030869.jpg,65
1958,034490.jpg,65
1959,038907.jpg,65
1960,047676.jpg,65
1961,056180.jpg,65
1962,056702.jpg,65
1963,082001.jpg,65
1964,086219.jpg,65
1965,090893.jpg,65
1966,096410.jpg,65
1967,107529.jpg,65
1968,107543.jpg,65
1969,109107.jpg,65
1970,114362.jpg,65
1971,114911.jpg,65
1972,120257.jpg,65
1973,126244.jpg,65
1974,131759.jpg,65
1975,135929.jpg,65
1976,138414.jpg,65
1977,146280.jpg,65
1978,148807.jpg,65
1979,159548.jpg,65
1980,003326.jpg,66
1981,005430.jpg,66
1982,011742.jpg,66
1983,020850.jpg,66
1984,024414.jpg,66
1985,032169.jpg,66
1986,033602.jpg,66
1987,037266.jpg,66
1988,044423.jpg,66
1989,056790.jpg,66
1990,064118.jpg,66
1991,064466.jpg,66
1992,065058.jpg,66
1993,067514.jpg,66
1994,067647.jpg,66
1995,079550.jpg,66
1996,082747.jpg,66
1997,082896.jpg,66
1998,092436.jpg,66
1999,093747.jpg,66
2000,115124.jpg,66
2001,120312.jpg,66
2002,120907.jpg,66
2003,131313.jpg,66
2004,139066.jpg,66
2005,143248.jpg,66
2006,149116.jpg,66
2007,154103.jpg,66
2008,160767.jpg,66
2009,162479.jpg,66
2010,003368.jpg,67
2011,005197.jpg,67
2012,013077.jpg,67
2013,015013.jpg,67
2014,026343.jpg,67
2015,026854.jpg,67
2016,030099.jpg,67
2017,033431.jpg,67
2018,034719.jpg,67
2019,037167.jpg,67
2020,043591.jpg,67
2021,047060.jpg,67
2022,056738.jpg,67
2023,064079.jpg,67
2024,065701.jpg,67
2025,067930.jpg,67
2026,070326.jpg,67
2027,070980.jpg,67
2028,092358.jpg,67
2029,113514.jpg,67
2030,115502.jpg,67
2031,116852.jpg,67
2032,120556.jpg,67
2033,139784.jpg,67
2034,141449.jpg,67
2035,144227.jpg,67
2036,155222.jpg,67
2037,155400.jpg,67
2038,155684.jpg,67
2039,162139.jpg,67
2040,003535.jpg,68
2041,006853.jpg,68
2042,010168.jpg,68
2043,024728.jpg,68
2044,027233.jpg,68
2045,032214.jpg,68
2046,033764.jpg,68
2047,045162.jpg,68
2048,054790.jpg,68
2049,055072.jpg,68
2050,073253.jpg,68
2051,073412.jpg,68
2052,081807.jpg,68
2053,089885.jpg,68
2054,092708.jpg,68
2055,101310.jpg,68
2056,107169.jpg,68
2057,107179.jpg,68
2058,110437.jpg,68
2059,116052.jpg,68
2060,116409.jpg,68
2061,117562.jpg,68
2062,117993.jpg,68
2063,120507.jpg,68
2064,120808.jpg,68
2065,128323.jpg,68
2066,137177.jpg,68
2067,140511.jpg,68
2068,146549.jpg,68
2069,155261.jpg,68
2070,003544.jpg,69
2071,010087.jpg,69
2072,011891.jpg,69
2073,020411.jpg,69
2074,020509.jpg,69
2075,021640.jpg,69
2076,043665.jpg,69
2077,053985.jpg,69
2078,062424.jpg,69
2079,064630.jpg,69
2080,069214.jpg,69
2081,072135.jpg,69
2082,079027.jpg,69
2083,090516.jpg,69
2084,094011.jpg,69
2085,094551.jpg,69
2086,098955.jpg,69
2087,107452.jpg,69
2088,120906.jpg,69
2089,121379.jpg,69
2090,122232.jpg,69
2091,129540.jpg,69
2092,134064.jpg,69
2093,134633.jpg,69
2094,140032.jpg,69
2095,148776.jpg,69
2096,151780.jpg,69
2097,152669.jpg,69
2098,156752.jpg,69
2099,160530.jpg,69
2100,003679.jpg,70
2101,007126.jpg,70
2102,007525.jpg,70
2103,017667.jpg,70
2104,018899.jpg,70
2105,026502.jpg,70
2106,039321.jpg,70
2107,042896.jpg,70
2108,047127.jpg,70
2109,053757.jpg,70
2110,057257.jpg,70
2111,063160.jpg,70
2112,068032.jpg,70
2113,073629.jpg,70
2114,084667.jpg,70
2115,085619.jpg,70
2116,088370.jpg,70
2117,094901.jpg,70
2118,096198.jpg,70
2119,100236.jpg,70
2120,100584.jpg,70
2121,111662.jpg,70
2122,116583.jpg,70
2123,120239.jpg,70
2124,124027.jpg,70
2125,125219.jpg,70
2126,125264.jpg,70
2127,132328.jpg,70
2128,133941.jpg,70
2129,147235.jpg,70
2130,003690.jpg,71
2131,009855.jpg,71
2132,011320.jpg,71
2133,026591.jpg,71
2134,042486.jpg,71
2135,046760.jpg,71
2136,051385.jpg,71
2137,068423.jpg,71
2138,069664.jpg,71
2139,072713.jpg,71
2140,081669.jpg,71
2141,087941.jpg,71
2142,092490.jpg,71
2143,096163.jpg,71
2144,099390.jpg,71
2145,107700.jpg,71
2146,108313.jpg,71
2147,109705.jpg,71
2148,118374.jpg,71
2149,119923.jpg,71
2150,120150.jpg,71
2151,123123.jpg,71
2152,123169.jpg,71
2153,123321.jpg,71
2154,132136.jpg,71
2155,141308.jpg,71
2156,151531.jpg,71
2157,155429.jpg,71
2158,156064.jpg,71
2159,158831.jpg,71
2160,003707.jpg,72
2161,005723.jpg,72
2162,006102.jpg,72
2163,007105.jpg,72
2164,012405.jpg,72
2165,016781.jpg,72
2166,024004.jpg,72
2167,024243.jpg,72
2168,028938.jpg,72
2169,029673.jpg,72
2170,033552.jpg,72
2171,039114.jpg,72
2172,047234.jpg,72
2173,049918.jpg,72
2174,050364.jpg,72
2175,051724.jpg,72
2176,058456.jpg,72
2177,066793.jpg,72
2178,074044.jpg,72
2179,074718.jpg,72
2180,082267.jpg,72
2181,092066.jpg,72
2182,096745.jpg,72
2183,096877.jpg,72
2184,108833.jpg,72
2185,122367.jpg,72
2186,141788.jpg,72
2187,146902.jpg,72
2188,148216.jpg,72
2189,161561.jpg,72
2190,003737.jpg,73
2191,009282.jpg,73
2192,011694.jpg,73
2193,012186.jpg,73
2194,014207.jpg,73
2195,015329.jpg,73
2196,024082.jpg,73
2197,034385.jpg,73
2198,046053.jpg,73
2199,054700.jpg,73
2200,054884.jpg,73
2201,059203.jpg,73
2202,059437.jpg,73
2203,062082.jpg,73
2204,063878.jpg,73
2205,072879.jpg,73
2206,076095.jpg,73
2207,077566.jpg,73
2208,080012.jpg,73
2209,081005.jpg,73
2210,085850.jpg,73
2211,090102.jpg,73
2212,113156.jpg,73
2213,122095.jpg,73
2214,136479.jpg,73
2215,145565.jpg,73
2216,149861.jpg,73
2217,155799.jpg,73
2218,158012.jpg,73
2219,162347.jpg,73
2220,003751.jpg,74
2221,008688.jpg,74
2222,010328.jpg,74
2223,012492.jpg,74
2224,023365.jpg,74
2225,031960.jpg,74
2226,037047.jpg,74
2227,039431.jpg,74
2228,043386.jpg,74
2229,056840.jpg,74
2230,064196.jpg,74
2231,070664.jpg,74
2232,075820.jpg,74
2233,076818.jpg,74
2234,079572.jpg,74
2235,083310.jpg,74
2236,088427.jpg,74
2237,089785.jpg,74
2238,090305.jpg,74
2239,095195.jpg,74
2240,111238.jpg,74
2241,118796.jpg,74
2242,119058.jpg,74
2243,121066.jpg,74
2244,123717.jpg,74
2245,125433.jpg,74
2246,129105.jpg,74
2247,139747.jpg,74
2248,148342.jpg,74
2249,152205.jpg,74
2250,003758.jpg,75
2251,007890.jpg,75
2252,015756.jpg,75
2253,020344.jpg,75
2254,025316.jpg,75
2255,026454.jpg,75
2256,035820.jpg,75
2257,037874.jpg,75
2258,045904.jpg,75
2259,058113.jpg,75
2260,058425.jpg,75
2261,060624.jpg,75
2262,074091.jpg,75
2263,079478.jpg,75
2264,085074.jpg,75
2265,087267.jpg,75
2266,091218.jpg,75
2267,098330.jpg,75
2268,099133.jpg,75
2269,102645.jpg,75
2270,104232.jpg,75
2271,109847.jpg,75
2272,111747.jpg,75
2273,112365.jpg,75
2274,113701.jpg,75
2275,120599.jpg,75
2276,121922.jpg,75
2277,129683.jpg,75
2278,141393.jpg,75
2279,143009.jpg,75
2280,004009.jpg,76
2281,005946.jpg,76
2282,006656.jpg,76
2283,007863.jpg,76
2284,024784.jpg,76
2285,029612.jpg,76
2286,031591.jpg,76
2287,035800.jpg,76
2288,037061.jpg,76
2289,050269.jpg,76
2290,052665.jpg,76
2291,052767.jpg,76
2292,053713.jpg,76
2293,060236.jpg,76
2294,074933.jpg,76
2295,081482.jpg,76
2296,085667.jpg,76
2297,097594.jpg,76
2298,105738.jpg,76
2299,108713.jpg,76
2300,109278.jpg,76
2301,120527.jpg,76
2302,122927.jpg,76
2303,127210.jpg,76
2304,137396.jpg,76
2305,144125.jpg,76
2306,152479.jpg,76
2307,152550.jpg,76
2308,155705.jpg,76
2309,158416.jpg,76
2310,004092.jpg,77
2311,005896.jpg,77
2312,014266.jpg,77
2313,019024.jpg,77
2314,031988.jpg,77
2315,053402.jpg,77
2316,054658.jpg,77
2317,057166.jpg,77
2318,059183.jpg,77
2319,071558.jpg,77
2320,073876.jpg,77
2321,074301.jpg,77
2322,076890.jpg,77
2323,084915.jpg,77
2324,096513.jpg,77
2325,097705.jpg,77
2326,102380.jpg,77
2327,108075.jpg,77
2328,114705.jpg,77
2329,123278.jpg,77
2330,124369.jpg,77
2331,128295.jpg,77
2332,131586.jpg,77
2333,133048.jpg,77
2334,133763.jpg,77
2335,135636.jpg,77
2336,138335.jpg,77
2337,142506.jpg,77
2338,142571.jpg,77
2339,162167.jpg,77
2340,004386.jpg,78
2341,010404.jpg,78
2342,014052.jpg,78
2343,015173.jpg,78
2344,016508.jpg,78
2345,021219.jpg,78
2346,031885.jpg,78
2347,038698.jpg,78
2348,041437.jpg,78
2349,042788.jpg,78
2350,047763.jpg,78
2351,052550.jpg,78
2352,067380.jpg,78
2353,068335.jpg,78
2354,081356.jpg,78
2355,087227.jpg,78
2356,089347.jpg,78
2357,089755.jpg,78
2358,092941.jpg,78
2359,093843.jpg,78
2360,094764.jpg,78
2361,102885.jpg,78
2362,103194.jpg,78
2363,106790.jpg,78
2364,112061.jpg,78
2365,117673.jpg,78
2366,139816.jpg,78
2367,142344.jpg,78
2368,146190.jpg,78
2369,156303.jpg,78
2370,004469.jpg,79
2371,012910.jpg,79
2372,017109.jpg,79
2373,023628.jpg,79
2374,024128.jpg,79
2375,025033.jpg,79
2376,027388.jpg,79
2377,029962.jpg,79
2378,030145.jpg,79
2379,030245.jpg,79
2380,032415.jpg,79
2381,043512.jpg,79
2382,048392.jpg,79
2383,055081.jpg,79
2384,062283.jpg,79
2385,066741.jpg,79
2386,076097.jpg,79
2387,076994.jpg,79
2388,085344.jpg,79
2389,088489.jpg,79
2390,090086.jpg,79
2391,090857.jpg,79
2392,111059.jpg,79
2393,119950.jpg,79
2394,120449.jpg,79
2395,121147.jpg,79
2396,125215.jpg,79
2397,128310.jpg,79
2398,143402.jpg,79
2399,149781.jpg,79
2400,004488.jpg,80
2401,005103.jpg,80
2402,019513.jpg,80
2403,024097.jpg,80
2404,028404.jpg,80
2405,040878.jpg,80
2406,043253.jpg,80
2407,043626.jpg,80
2408,047412.jpg,80
2409,050720.jpg,80
2410,051326.jpg,80
2411,053185.jpg,80
2412,059663.jpg,80
2413,065169.jpg,80
2414,070391.jpg,80
2415,073598.jpg,80
2416,083196.jpg,80
2417,084738.jpg,80
2418,086601.jpg,80
2419,090755.jpg,80
2420,102115.jpg,80
2421,112190.jpg,80
2422,116621.jpg,80
2423,132276.jpg,80
2424,133343.jpg,80
2425,139794.jpg,80
2426,144999.jpg,80
2427,148247.jpg,80
2428,152805.jpg,80
2429,159961.jpg,80
2430,004689.jpg,81
2431,009460.jpg,81
2432,009928.jpg,81
2433,014434.jpg,81
2434,017791.jpg,81
2435,018752.jpg,81
2436,030550.jpg,81
2437,047156.jpg,81
2438,059407.jpg,81
2439,061201.jpg,81
2440,062673.jpg,81
2441,068395.jpg,81
2442,080739.jpg,81
2443,080931.jpg,81
2444,082752.jpg,81
2445,089910.jpg,81
2446,095337.jpg,81
2447,112470.jpg,81
2448,117340.jpg,81
2449,117950.jpg,81
2450,120093.jpg,81
2451,121288.jpg,81
2452,128686.jpg,81
2453,129762.jpg,81
2454,135129.jpg,81
2455,145570.jpg,81
2456,146028.jpg,81
2457,148744.jpg,81
2458,152675.jpg,81
2459,159717.jpg,81
2460,004758.jpg,82
2461,011449.jpg,82
2462,016043.jpg,82
2463,022546.jpg,82
2464,031322.jpg,82
2465,033824.jpg,82
2466,035387.jpg,82
2467,037772.jpg,82
2468,041226.jpg,82
2469,041721.jpg,82
2470,051355.jpg,82
2471,060056.jpg,82
2472,062239.jpg,82
2473,068078.jpg,82
2474,076551.jpg,82
2475,076792.jpg,82
2476,079818.jpg,82
2477,081614.jpg,82
2478,084004.jpg,82
2479,096162.jpg,82
2480,103858.jpg,82
2481,106917.jpg,82
2482,108326.jpg,82
2483,117946.jpg,82
2484,118671.jpg,82
2485,128850.jpg,82
2486,129722.jpg,82
2487,131612.jpg,82
2488,138890.jpg,82
2489,162519.jpg,82
2490,004786.jpg,83
2491,006993.jpg,83
2492,015397.jpg,83
2493,021886.jpg,83
2494,033837.jpg,83
2495,035379.jpg,83
2496,042929.jpg,83
2497,047461.jpg,83
2498,049349.jpg,83
2499,052599.jpg,83
2500,053482.jpg,83
2501,054907.jpg,83
2502,055140.jpg,83
2503,068844.jpg,83
2504,072784.jpg,83
2505,077211.jpg,83
2506,094785.jpg,83
2507,095122.jpg,83
2508,096997.jpg,83
2509,098075.jpg,83
2510,099937.jpg,83
2511,107438.jpg,83
2512,117536.jpg,83
2513,123384.jpg,83
2514,134636.jpg,83
2515,135425.jpg,83
2516,144530.jpg,83
2517,147740.jpg,83
2518,157380.jpg,83
2519,158654.jpg,83
2520,004922.jpg,84
2521,005365.jpg,84
2522,005989.jpg,84
2523,006128.jpg,84
2524,014880.jpg,84
2525,017533.jpg,84
2526,018291.jpg,84
2527,025373.jpg,84
2528,026596.jpg,84
2529,030692.jpg,84
2530,032838.jpg,84
2531,036340.jpg,84
2532,040646.jpg,84
2533,044856.jpg,84
2534,045703.jpg,84
2535,056064.jpg,84
2536,067508.jpg,84
2537,072562.jpg,84
2538,077561.jpg,84
2539,084280.jpg,84
2540,087123.jpg,84
2541,108550.jpg,84
2542,117928.jpg,84
2543,134468.jpg,84
2544,138513.jpg,84
2545,146269.jpg,84
2546,147746.jpg,84
2547,149927.jpg,84
2548,156690.jpg,84
2549,157675.jpg,84
2550,005317.jpg,85
2551,006361.jpg,85
2552,010848.jpg,85
2553,015874.jpg,85
2554,019740.jpg,85
2555,025326.jpg,85
2556,027197.jpg,85
2557,039449.jpg,85
2558,043091.jpg,85
2559,048714.jpg,85
2560,066022.jpg,85
2561,068195.jpg,85
2562,072679.jpg,85
2563,072905.jpg,85
2564,074357.jpg,85
2565,075687.jpg,85
2566,086016.jpg,85
2567,088970.jpg,85
2568,089230.jpg,85
2569,092517.jpg,85
2570,102214.jpg,85
2571,111004.jpg,85
2572,116230.jpg,85
2573,140458.jpg,85
2574,147267.jpg,85
2575,156922.jpg,85
2576,157795.jpg,85
2577,160012.jpg,85
2578,161967.jpg,85
2579,162037.jpg,85
2580,006899.jpg,86
2581,014318.jpg,86
2582,017352.jpg,86
2583,025585.jpg,86
2584,029461.jpg,86
2585,033225.jpg,86
2586,038443.jpg,86
2587,038579.jpg,86
2588,039262.jpg,86
2589,056223.jpg,86
2590,057684.jpg,86
2591,060915.jpg,86
2592,066294.jpg,86
2593,074237.jpg,86
2594,081096.jpg,86
2595,091450.jpg,86
2596,094759.jpg,86
2597,111213.jpg,86
2598,112176.jpg,86
2599,122536.jpg,86
2600,126259.jpg,86
2601,142291.jpg,86
2602,143077.jpg,86
2603,147432.jpg,86
2604,148293.jpg,86
2605,148662.jpg,86
2606,153495.jpg,86
2607,156636.jpg,86
2608,158459.jpg,86
2609,159896.jpg,86
2610,012953.jpg,87
2611,014829.jpg,87
2612,018074.jpg,87
2613,022847.jpg,87
2614,028040.jpg,87
2615,033392.jpg,87
2616,042993.jpg,87
2617,057520.jpg,87
2618,057722.jpg,87
2619,059485.jpg,87
2620,071710.jpg,87
2621,072202.jpg,87
2622,087245.jpg,87
2623,089762.jpg,87
2624,103260.jpg,87
2625,105098.jpg,87
2626,111634.jpg,87
2627,116029.jpg,87
2628,124959.jpg,87
2629,131534.jpg,87
2630,136114.jpg,87
2631,136993.jpg,87
2632,144899.jpg,87
2633,146385.jpg,87
2634,146891.jpg,87
2635,150572.jpg,87
2636,150699.jpg,87
2637,152960.jpg,87
2638,155071.jpg,87
2639,160789.jpg,87
2640,014465.jpg,88
2641,014641.jpg,88
2642,018292.jpg,88
2643,019476.jpg,88
2644,021148.jpg,88
2645,026834.jpg,88
2646,036951.jpg,88
2647,037868.jpg,88
2648,038576.jpg,88
2649,048626.jpg,88
2650,049869.jpg,88
2651,053594.jpg,88
2652,056322.jpg,88
2653,057545.jpg,88
2654,063827.jpg,88
2655,074009.jpg,88
2656,092175.jpg,88
2657,098908.jpg,88
2658,120749.jpg,88
2659,125790.jpg,88
2660,127504.jpg,88
2661,129885.jpg,88
2662,129978.jpg,88
2663,131164.jpg,88
2664,139460.jpg,88
2665,140238.jpg,88
2666,146736.jpg,88
2667,151501.jpg,88
2668,151892.jpg,88
2669,153392.jpg,88
2670,015163.jpg,89
2671,023423.jpg,89
2672,028477.jpg,89
2673,028942.jpg,89
2674,038801.jpg,89
2675,045350.jpg,89
2676,048792.jpg,89
2677,053659.jpg,89
2678,056732.jpg,89
2679,060487.jpg,89
2680,064506.jpg,89
2681,070133.jpg,89
2682,074057.jpg,89
2683,074869.jpg,89
2684,084311.jpg,89
2685,086313.jpg,89
2686,088733.jpg,89
2687,094879.jpg,89
2688,095263.jpg,89
2689,106650.jpg,89
2690,114236.jpg,89
2691,116816.jpg,89
2692,123248.jpg,89
2693,124479.jpg,89
2694,128201.jpg,89
2695,132129.jpg,89
2696,146222.jpg,89
2697,149044.jpg,89
2698,152065.jpg,89
2699,160671.jpg,89
2700,019077.jpg,90
2701,041314.jpg,90
2702,041897.jpg,90
2703,044909.jpg,90
2704,049298.jpg,90
2705,051693.jpg,90
2706,052102.jpg,90
2707,059498.jpg,90
2708,064281.jpg,90
2709,068576.jpg,90
2710,075775.jpg,90
2711,078986.jpg,90
2712,083559.jpg,90
2713,084363.jpg,90
2714,085934.jpg,90
2715,096532.jpg,90
2716,096663.jpg,90
2717,097586.jpg,90
2718,102814.jpg,90
2719,104627.jpg,90
2720,104957.jpg,90
2721,116394.jpg,90
2722,117218.jpg,90
2723,127950.jpg,90
2724,129321.jpg,90
2725,135182.jpg,90
2726,136984.jpg,90
2727,139394.jpg,90
2728,153958.jpg,90
2729,161810.jpg,90
2730,020116.jpg,91
2731,026273.jpg,91
2732,034185.jpg,91
2733,042957.jpg,91
2734,047336.jpg,91
2735,049095.jpg,91
2736,050680.jpg,91
2737,054173.jpg,91
2738,055279.jpg,91
2739,057918.jpg,91
2740,064411.jpg,91
2741,070399.jpg,91
2742,076453.jpg,91
2743,083865.jpg,91
2744,100373.jpg,91
2745,102172.jpg,91
2746,103563.jpg,91
2747,104061.jpg,91
2748,109439.jpg,91
2749,123647.jpg,91
2750,124281.jpg,91
2751,125306.jpg,91
2752,129068.jpg,91
2753,140092.jpg,91
2754,140371.jpg,91
2755,142523.jpg,91
2756,143961.jpg,91
2757,143994.jpg,91
2758,153743.jpg,91
2759,154812.jpg,91
2760,162920.jpg,92
2761,163300.jpg,92
2762,163315.jpg,92
2763,163988.jpg,92
2764,164281.jpg,92
2765,164701.jpg,92
2766,166455.jpg,92
2767,166757.jpg,92
2768,167951.jpg,92
2769,168302.jpg,92
2770,169081.jpg,92
2771,170199.jpg,92
2772,170430.jpg,92
2773,170748.jpg,92
2774,171635.jpg,92
2775,172200.jpg,92
2776,172687.jpg,92
2777,172980.jpg,92
2778,174433.jpg,92
2779,174774.jpg,92
2780,174868.jpg,92
2781,174927.jpg,92
2782,175917.jpg,92
2783,178373.jpg,92
2784,179891.jpg,92
2785,181195.jpg,92
2786,181304.jpg,92
2787,181470.jpg,92
2788,181938.jpg,92
2789,182359.jpg,92
2790,163659.jpg,93
2791,163862.jpg,93
2792,164714.jpg,93
2793,165026.jpg,93
2794,166163.jpg,93
2795,166323.jpg,93
2796,168322.jpg,93
2797,168499.jpg,93
2798,168690.jpg,93
2799,168944.jpg,93
2800,169706.jpg,93
2801,169813.jpg,93
2802,170518.jpg,93
2803,171827.jpg,93
2804,172108.jpg,93
2805,173086.jpg,93
2806,173091.jpg,93
2807,174026.jpg,93
2808,174390.jpg,93
2809,174796.jpg,93
2810,175020.jpg,93
2811,175686.jpg,93
2812,175787.jpg,93
2813,175975.jpg,93
2814,176716.jpg,93
2815,177244.jpg,93
2816,177521.jpg,93
2817,181023.jpg,93
2818,181734.jpg,93
2819,182462.jpg,93
2820,182659.jpg,94
2821,183505.jpg,94
2822,184411.jpg,94
2823,185316.jpg,94
2824,187108.jpg,94
2825,187338.jpg,94
2826,190465.jpg,94
2827,190574.jpg,94
2828,190979.jpg,94
2829,191146.jpg,94
2830,191855.jpg,94
2831,192152.jpg,94
2832,192950.jpg,94
2833,194420.jpg,94
2834,194803.jpg,94
2835,195677.jpg,94
2836,195920.jpg,94
2837,195923.jpg,94
2838,197107.jpg,94
2839,198339.jpg,94
2840,198498.jpg,94
2841,198632.jpg,94
2842,198878.jpg,94
2843,200004.jpg,94
2844,200042.jpg,94
2845,200524.jpg,94
2846,200574.jpg,94
2847,201125.jpg,94
2848,201494.jpg,94
2849,201808.jpg,94
2850,182928.jpg,95
2851,183823.jpg,95
2852,185530.jpg,95
2853,185623.jpg,95
2854,186015.jpg,95
2855,186114.jpg,95
2856,186287.jpg,95
2857,187141.jpg,95
2858,187160.jpg,95
2859,187700.jpg,95
2860,189406.jpg,95
2861,189432.jpg,95
2862,189680.jpg,95
2863,189985.jpg,95
2864,190846.jpg,95
2865,191014.jpg,95
2866,191758.jpg,95
2867,192802.jpg,95
2868,194838.jpg,95
2869,195197.jpg,95
2870,195500.jpg,95
2871,196206.jpg,95
2872,196346.jpg,95
2873,196424.jpg,95
2874,196554.jpg,95
2875,196711.jpg,95
2876,196906.jpg,95
2877,198178.jpg,95
2878,200137.jpg,95
2879,201432.jpg,95
2880,183232.jpg,96
2881,184951.jpg,96
2882,186456.jpg,96
2883,186516.jpg,96
2884,186726.jpg,96
2885,186769.jpg,96
2886,187272.jpg,96
2887,189351.jpg,96
2888,189872.jpg,96
2889,192307.jpg,96
2890,192868.jpg,96
2891,192936.jpg,96
2892,194358.jpg,96
2893,194567.jpg,96
2894,195705.jpg,96
2895,195921.jpg,96
2896,196358.jpg,96
2897,196402.jpg,96
2898,197298.jpg,96
2899,197658.jpg,96
2900,197971.jpg,96
2901,198410.jpg,96
2902,198970.jpg,96
2903,199112.jpg,96
2904,199195.jpg,96
2905,199454.jpg,96
2906,200500.jpg,96
2907,200804.jpg,96
2908,201863.jpg,96
2909,202107.jpg,96
2910,183623.jpg,97
2911,183743.jpg,97
2912,183967.jpg,97
2913,184726.jpg,97
2914,185022.jpg,97
2915,187449.jpg,97
2916,187506.jpg,97
2917,187906.jpg,97
2918,188783.jpg,97
2919,189063.jpg,97
2920,189751.jpg,97
2921,191865.jpg,97
2922,192062.jpg,97
2923,192510.jpg,97
2924,193378.jpg,97
2925,194229.jpg,97
2926,194768.jpg,97
2927,196849.jpg,97
2928,197068.jpg,97
2929,197724.jpg,97
2930,198555.jpg,97
2931,199537.jpg,97
2932,199766.jpg,97
2933,199803.jpg,97
2934,199809.jpg,97
2935,200062.jpg,97
2936,201430.jpg,97
2937,202036.jpg,97
2938,202500.jpg,97
2939,202546.jpg,97
2940,183987.jpg,98
2941,184519.jpg,98
2942,184853.jpg,98
2943,185882.jpg,98
2944,187129.jpg,98
2945,188339.jpg,98
2946,188466.jpg,98
2947,188687.jpg,98
2948,189475.jpg,98
2949,190199.jpg,98
2950,190523.jpg,98
2951,190598.jpg,98
2952,191234.jpg,98
2953,192498.jpg,98
2954,192867.jpg,98
2955,193293.jpg,98
2956,194957.jpg,98
2957,195183.jpg,98
2958,196064.jpg,98
2959,196445.jpg,98
2960,197959.jpg,98
2961,198303.jpg,98
2962,198439.jpg,98
2963,199064.jpg,98
2964,199133.jpg,98
2965,199221.jpg,98
2966,201160.jpg,98
2967,201201.jpg,98
2968,201444.jpg,98
2969,202540.jpg,98
2970,184254.jpg,99
2971,184312.jpg,99
2972,184471.jpg,99
2973,185407.jpg,99
2974,185457.jpg,99
2975,185626.jpg,99
2976,185818.jpg,99
2977,186134.jpg,99
2978,186958.jpg,99
2979,187557.jpg,99
2980,188125.jpg,99
2981,188567.jpg,99
2982,188582.jpg,99
2983,189842.jpg,99
2984,192169.jpg,99
2985,192809.jpg,99
2986,192999.jpg,99
2987,193594.jpg,99
2988,195587.jpg,99
2989,196271.jpg,99
2990,196938.jpg,99
2991,197077.jpg,99
2992,197190.jpg,99
2993,197249.jpg,99
2994,197459.jpg,99
2995,199285.jpg,99
2996,201083.jpg,99
2997,201418.jpg,99
2998,202003.jpg,99
2999,202209.jpg,99
3000,184489.jpg,100
3001,185105.jpg,100
3002,186428.jpg,100
3003,186512.jpg,100
3004,186905.jpg,100
3005,186916.jpg,100
3006,187362.jpg,100
3007,187585.jpg,100
3008,187645.jpg,100
3009,188024.jpg,100
3010,188591.jpg,100
3011,190222.jpg,100
3012,190661.jpg,100
3013,191096.jpg,100
3014,191122.jpg,100
3015,191675.jpg,100
3016,192016.jpg,100
3017,192352.jpg,100
3018,192476.jpg,100
3019,193629.jpg,100
3020,195575.jpg,100
3021,195781.jpg,100
3022,195984.jpg,100
3023,196953.jpg,100
3024,197343.jpg,100
3025,198904.jpg,100
3026,199409.jpg,100
3027,200264.jpg,100
3028,200883.jpg,100
3029,202223.jpg,100
