,name,id
0,000002.jpg,2937
1,011437.jpg,2937
2,016335.jpg,2937
3,024291.jpg,2937
4,045318.jpg,2937
5,057357.jpg,2937
6,058209.jpg,2937
7,059638.jpg,2937
8,066809.jpg,2937
9,095867.jpg,2937
10,099877.jpg,2937
11,105287.jpg,2937
12,114625.jpg,2937
13,117710.jpg,2937
18,000003.jpg,8692
19,015648.jpg,8692
20,033840.jpg,8692
21,038887.jpg,8692
22,049972.jpg,8692
23,052374.jpg,8692
24,053297.jpg,8692
25,061069.jpg,8692
26,069458.jpg,8692
27,070480.jpg,8692
28,073665.jpg,8692
29,074691.jpg,8692
30,074908.jpg,8692
31,079723.jpg,8692
46,000005.jpg,9295
47,014427.jpg,9295
48,026162.jpg,9295
49,034914.jpg,9295
50,064640.jpg,9295
51,068314.jpg,9295
52,088186.jpg,9295
53,107703.jpg,9295
54,112650.jpg,9295
55,115580.jpg,9295
56,116090.jpg,9295
57,120055.jpg,9295
58,135601.jpg,9295
59,136013.jpg,9295
63,000007.jpg,9040
64,008201.jpg,9040
65,013638.jpg,9040
66,015336.jpg,9040
67,025883.jpg,9040
68,033472.jpg,9040
69,043155.jpg,9040
70,043521.jpg,9040
71,045445.jpg,9040
72,046906.jpg,9040
73,048660.jpg,9040
74,051555.jpg,9040
75,052825.jpg,9040
76,055710.jpg,9040
92,000008.jpg,6369
93,004806.jpg,6369
94,019010.jpg,6369
95,021177.jpg,6369
96,038160.jpg,6369
97,047098.jpg,6369
98,055280.jpg,6369
99,057503.jpg,6369
100,063975.jpg,6369
101,070510.jpg,6369
102,074995.jpg,6369
103,079796.jpg,6369
104,090634.jpg,6369
105,092070.jpg,6369
122,000010.jpg,612
123,001668.jpg,612
124,004349.jpg,612
125,008585.jpg,612
126,008971.jpg,612
127,010516.jpg,612
128,014179.jpg,612
129,023404.jpg,612
130,024374.jpg,612
131,041678.jpg,612
132,048787.jpg,612
133,051580.jpg,612
134,056546.jpg,612
135,059360.jpg,612
148,000012.jpg,7779
149,005181.jpg,7779
150,005404.jpg,7779
151,006712.jpg,7779
152,008949.jpg,7779
153,010170.jpg,7779
154,010348.jpg,7779
155,029342.jpg,7779
156,035939.jpg,7779
157,061310.jpg,7779
158,062261.jpg,7779
159,074645.jpg,7779
160,086536.jpg,7779
161,089334.jpg,7779
170,000013.jpg,3785
171,007236.jpg,3785
172,009764.jpg,3785
173,042065.jpg,3785
174,048794.jpg,3785
175,060709.jpg,3785
176,068400.jpg,3785
177,082306.jpg,3785
178,099220.jpg,3785
179,102210.jpg,3785
180,119556.jpg,3785
181,130170.jpg,3785
182,133199.jpg,3785
183,135231.jpg,3785
190,000014.jpg,7081
191,017571.jpg,7081
192,029951.jpg,7081
193,034228.jpg,7081
194,039909.jpg,7081
195,042132.jpg,7081
196,065037.jpg,7081
197,082965.jpg,7081
198,086282.jpg,7081
199,093582.jpg,7081
200,099742.jpg,7081
201,109420.jpg,7081
202,111533.jpg,7081
203,118894.jpg,7081
208,000015.jpg,1854
209,003428.jpg,1854
210,011370.jpg,1854
211,014228.jpg,1854
212,018547.jpg,1854
213,026211.jpg,1854
214,027527.jpg,1854
215,030656.jpg,1854
216,033589.jpg,1854
217,033621.jpg,1854
218,041379.jpg,1854
219,041588.jpg,1854
220,065014.jpg,1854
221,071426.jpg,1854
237,000016.jpg,4905
238,004318.jpg,4905
239,010102.jpg,4905
240,016774.jpg,4905
241,022641.jpg,4905
242,026804.jpg,4905
243,034776.jpg,4905
244,036102.jpg,4905
245,037226.jpg,4905
246,070164.jpg,4905
247,076907.jpg,4905
248,078225.jpg,4905
249,096685.jpg,4905
250,099998.jpg,4905
265,000017.jpg,667
266,005005.jpg,667
267,014202.jpg,667
268,017246.jpg,667
269,038601.jpg,667
270,041273.jpg,667
271,052320.jpg,667
272,067689.jpg,667
273,075488.jpg,667
274,089053.jpg,667
275,098893.jpg,667
276,101227.jpg,667
277,117044.jpg,667
278,150992.jpg,667
281,000019.jpg,2929
282,004654.jpg,2929
283,007212.jpg,2929
284,009287.jpg,2929
285,012873.jpg,2929
286,020992.jpg,2929
287,028560.jpg,2929
288,037830.jpg,2929
289,038965.jpg,2929
290,045978.jpg,2929
291,050501.jpg,2929
292,065899.jpg,2929
293,068468.jpg,2929
294,068883.jpg,2929
306,000020.jpg,2782
307,003307.jpg,2782
308,004607.jpg,2782
309,026466.jpg,2782
310,028148.jpg,2782
311,029177.jpg,2782
312,036797.jpg,2782
313,040547.jpg,2782
314,043714.jpg,2782
315,046408.jpg,2782
316,047582.jpg,2782
317,049004.jpg,2782
318,059916.jpg,2782
319,063657.jpg,2782
330,000022.jpg,6642
331,005016.jpg,6642
332,005232.jpg,6642
333,022827.jpg,6642
334,033042.jpg,6642
335,034767.jpg,6642
336,038326.jpg,6642
337,060278.jpg,6642
338,060873.jpg,6642
339,067153.jpg,6642
340,079216.jpg,6642
341,092811.jpg,6642
342,094195.jpg,6642
343,097897.jpg,6642
355,000023.jpg,1
356,006439.jpg,1
357,014042.jpg,1
358,015216.jpg,1
359,023004.jpg,1
360,024091.jpg,1
361,027827.jpg,1
362,030454.jpg,1
363,033490.jpg,1
364,049381.jpg,1
365,056279.jpg,1
366,067807.jpg,1
367,067855.jpg,1
368,068169.jpg,1
378,000025.jpg,7578
379,003360.jpg,7578
380,004163.jpg,7578
381,005601.jpg,7578
382,006636.jpg,7578
383,010606.jpg,7578
384,017020.jpg,7578
385,022764.jpg,7578
386,026701.jpg,7578
387,029531.jpg,7578
388,034390.jpg,7578
389,037092.jpg,7578
390,050663.jpg,7578
391,054941.jpg,7578
406,000026.jpg,10046
407,001042.jpg,10046
408,007868.jpg,10046
409,022511.jpg,10046
410,027855.jpg,10046
411,031576.jpg,10046
412,035173.jpg,10046
413,037741.jpg,10046
414,043482.jpg,10046
415,049956.jpg,10046
416,060167.jpg,10046
417,067571.jpg,10046
418,078539.jpg,10046
419,082534.jpg,10046
428,000028.jpg,3670
429,000499.jpg,3670
430,009084.jpg,3670
431,030287.jpg,3670
432,031230.jpg,3670
433,040059.jpg,3670
434,042409.jpg,3670
435,050028.jpg,3670
436,057051.jpg,3670
437,063407.jpg,3670
438,084849.jpg,3670
439,087108.jpg,3670
440,087971.jpg,3670
441,102399.jpg,3670
452,000030.jpg,8216
453,005640.jpg,8216
454,005852.jpg,8216
455,007951.jpg,8216
456,010117.jpg,8216
457,024042.jpg,8216
458,026931.jpg,8216
459,028030.jpg,8216
460,044719.jpg,8216
461,048596.jpg,8216
462,048652.jpg,8216
463,079367.jpg,8216
464,079721.jpg,8216
465,087551.jpg,8216
476,000032.jpg,268
477,019973.jpg,268
478,023821.jpg,268
479,052655.jpg,268
480,061385.jpg,268
481,073151.jpg,268
482,079054.jpg,268
483,079439.jpg,268
484,083436.jpg,268
485,085813.jpg,268
486,088434.jpg,268
487,092597.jpg,268
488,125808.jpg,268
489,126286.jpg,268
496,000033.jpg,7600
497,001253.jpg,7600
498,003556.jpg,7600
499,017423.jpg,7600
500,022530.jpg,7600
501,026127.jpg,7600
502,036268.jpg,7600
503,048620.jpg,7600
504,051818.jpg,7600
505,073638.jpg,7600
506,086231.jpg,7600
507,096070.jpg,7600
508,122591.jpg,7600
509,131763.jpg,7600
510,000034.jpg,1603
511,003843.jpg,1603
512,035058.jpg,1603
513,040079.jpg,1603
514,040512.jpg,1603
515,058112.jpg,1603
516,058145.jpg,1603
517,058346.jpg,1603
518,066128.jpg,1603
519,071209.jpg,1603
520,072585.jpg,1603
521,076250.jpg,1603
522,082895.jpg,1603
523,086609.jpg,1603
530,000036.jpg,3272
531,000529.jpg,3272
532,000784.jpg,3272
533,016190.jpg,3272
534,016358.jpg,3272
535,019985.jpg,3272
536,022730.jpg,3272
537,050210.jpg,3272
538,063220.jpg,3272
539,082841.jpg,3272
540,086157.jpg,3272
541,091815.jpg,3272
542,092953.jpg,3272
543,094867.jpg,3272
553,000038.jpg,4407
554,000082.jpg,4407
555,004213.jpg,4407
556,006458.jpg,4407
557,009169.jpg,4407
558,016664.jpg,4407
559,023617.jpg,4407
560,024662.jpg,4407
561,030967.jpg,4407
562,032277.jpg,4407
563,041403.jpg,4407
564,052520.jpg,4407
565,054621.jpg,4407
566,056344.jpg,4407
583,000041.jpg,1058
584,000050.jpg,1058
585,008043.jpg,1058
586,022306.jpg,1058
587,022772.jpg,1058
588,028317.jpg,1058
589,031243.jpg,1058
590,041998.jpg,1058
591,042480.jpg,1058
592,046478.jpg,1058
593,046512.jpg,1058
594,047443.jpg,1058
595,051028.jpg,1058
596,056333.jpg,1058
603,000044.jpg,2079
604,006460.jpg,2079
605,015960.jpg,2079
606,017764.jpg,2079
607,019590.jpg,2079
608,022504.jpg,2079
609,026401.jpg,2079
610,046315.jpg,2079
611,047180.jpg,2079
612,048254.jpg,2079
613,059058.jpg,2079
614,065211.jpg,2079
615,074762.jpg,2079
616,077737.jpg,2079
627,000046.jpg,6318
628,010234.jpg,6318
629,021839.jpg,6318
630,030159.jpg,6318
631,040627.jpg,6318
632,041519.jpg,6318
633,042602.jpg,6318
634,047325.jpg,6318
635,055348.jpg,6318
636,056959.jpg,6318
637,066899.jpg,6318
638,068390.jpg,6318
639,087703.jpg,6318
640,092379.jpg,6318
653,000049.jpg,6817
654,001209.jpg,6817
655,006445.jpg,6817
656,006689.jpg,6817
657,011152.jpg,6817
658,011280.jpg,6817
659,012966.jpg,6817
660,015291.jpg,6817
661,018625.jpg,6817
662,025500.jpg,6817
663,027087.jpg,6817
664,030917.jpg,6817
665,035074.jpg,6817
666,045958.jpg,6817
673,000051.jpg,1446
674,001270.jpg,1446
675,002341.jpg,1446
676,004110.jpg,1446
677,009699.jpg,1446
678,013238.jpg,1446
679,016223.jpg,1446
680,017014.jpg,1446
681,021535.jpg,1446
682,034170.jpg,1446
683,043340.jpg,1446
684,049125.jpg,1446
685,056928.jpg,1446
686,068273.jpg,1446
701,000052.jpg,3896
702,007206.jpg,3896
703,017367.jpg,3896
704,047542.jpg,3896
705,050902.jpg,3896
706,055573.jpg,3896
707,062605.jpg,3896
708,065370.jpg,3896
709,068544.jpg,3896
710,094532.jpg,3896
711,095313.jpg,3896
712,119135.jpg,3896
713,122313.jpg,3896
714,129253.jpg,3896
719,000054.jpg,8443
720,000634.jpg,8443
721,013468.jpg,8443
722,016730.jpg,8443
723,021035.jpg,8443
724,029490.jpg,8443
725,036529.jpg,8443
726,067642.jpg,8443
727,087140.jpg,8443
728,090817.jpg,8443
729,094797.jpg,8443
730,098853.jpg,8443
731,117830.jpg,8443
732,127606.jpg,8443
738,000055.jpg,4883
739,014762.jpg,4883
740,024110.jpg,4883
741,024324.jpg,4883
742,036322.jpg,4883
743,057585.jpg,4883
744,063739.jpg,4883
745,063864.jpg,4883
746,082151.jpg,4883
747,086238.jpg,4883
748,092468.jpg,4883
749,095514.jpg,4883
750,098241.jpg,4883
751,106472.jpg,4883
758,000056.jpg,545
759,021326.jpg,545
760,036538.jpg,545
761,043002.jpg,545
762,050171.jpg,545
763,064500.jpg,545
764,065556.jpg,545
765,073086.jpg,545
766,078696.jpg,545
767,084973.jpg,545
768,085015.jpg,545
769,091241.jpg,545
770,094619.jpg,545
771,094666.jpg,545
787,000058.jpg,2879
788,005326.jpg,2879
789,011386.jpg,2879
790,016729.jpg,2879
791,030397.jpg,2879
792,031508.jpg,2879
793,035728.jpg,2879
794,038642.jpg,2879
795,050018.jpg,2879
796,056315.jpg,2879
797,067529.jpg,2879
798,072826.jpg,2879
799,078394.jpg,2879
800,082858.jpg,2879
814,000059.jpg,6204
815,003062.jpg,6204
816,038130.jpg,6204
817,066555.jpg,6204
818,073820.jpg,6204
819,082505.jpg,6204
820,084160.jpg,6204
821,101123.jpg,6204
822,104129.jpg,6204
823,108912.jpg,6204
824,110972.jpg,6204
825,110982.jpg,6204
826,124774.jpg,6204
827,135631.jpg,6204
830,000061.jpg,3316
831,015208.jpg,3316
832,016510.jpg,3316
833,039830.jpg,3316
834,040312.jpg,3316
835,043833.jpg,3316
836,048699.jpg,3316
837,061671.jpg,3316
838,085993.jpg,3316
839,086590.jpg,3316
840,088861.jpg,3316
841,090985.jpg,3316
842,100077.jpg,3316
843,143065.jpg,3316
851,000062.jpg,1499
852,006515.jpg,1499
853,016995.jpg,1499
854,026513.jpg,1499
855,026626.jpg,1499
856,029241.jpg,1499
857,043197.jpg,1499
858,046484.jpg,1499
859,056181.jpg,1499
860,111991.jpg,1499
861,115222.jpg,1499
862,117216.jpg,1499
863,125853.jpg,1499
864,127409.jpg,1499
870,000063.jpg,1539
871,004352.jpg,1539
872,015934.jpg,1539
873,067900.jpg,1539
874,094528.jpg,1539
875,101868.jpg,1539
876,107225.jpg,1539
877,130833.jpg,1539
878,136143.jpg,1539
879,139552.jpg,1539
880,142652.jpg,1539
881,143039.jpg,1539
882,145100.jpg,1539
883,156383.jpg,1539
884,000064.jpg,3629
885,002876.jpg,3629
886,005557.jpg,3629
887,027717.jpg,3629
888,051991.jpg,3629
889,072148.jpg,3629
890,073407.jpg,3629
891,080623.jpg,3629
892,085370.jpg,3629
893,092413.jpg,3629
894,094784.jpg,3629
895,105582.jpg,3629
896,112090.jpg,3629
897,131718.jpg,3629
903,000065.jpg,3046
904,009649.jpg,3046
905,021879.jpg,3046
906,030697.jpg,3046
907,042104.jpg,3046
908,043859.jpg,3046
909,046326.jpg,3046
910,047281.jpg,3046
911,063278.jpg,3046
912,066864.jpg,3046
913,071752.jpg,3046
914,075605.jpg,3046
915,084233.jpg,3046
916,090590.jpg,3046
932,000069.jpg,4627
933,003006.jpg,4627
934,014842.jpg,4627
935,023511.jpg,4627
936,026325.jpg,4627
937,036728.jpg,4627
938,039303.jpg,4627
939,045259.jpg,4627
940,046406.jpg,4627
941,053040.jpg,4627
942,054774.jpg,4627
943,062069.jpg,4627
944,063810.jpg,4627
945,085367.jpg,4627
952,000070.jpg,3403
953,012954.jpg,3403
954,034732.jpg,3403
955,053056.jpg,3403
956,070606.jpg,3403
957,075140.jpg,3403
958,091326.jpg,3403
959,099382.jpg,3403
960,108207.jpg,3403
961,113323.jpg,3403
962,118837.jpg,3403
963,120092.jpg,3403
964,127239.jpg,3403
965,130357.jpg,3403
970,000072.jpg,5604
971,005339.jpg,5604
972,008415.jpg,5604
973,014912.jpg,5604
974,057719.jpg,5604
975,063000.jpg,5604
976,069078.jpg,5604
977,090265.jpg,5604
978,095963.jpg,5604
979,116632.jpg,5604
980,120774.jpg,5604
981,130256.jpg,5604
982,133940.jpg,5604
983,140208.jpg,5604
989,000073.jpg,7880
990,006777.jpg,7880
991,017942.jpg,7880
992,018601.jpg,7880
993,021428.jpg,7880
994,023694.jpg,7880
995,042366.jpg,7880
996,048008.jpg,7880
997,050130.jpg,7880
998,051806.jpg,7880
999,051913.jpg,7880
1000,067292.jpg,7880
1001,077417.jpg,7880
1002,077782.jpg,7880
1008,000076.jpg,184
1009,006939.jpg,184
1010,014309.jpg,184
1011,036103.jpg,184
1012,036478.jpg,184
1013,037847.jpg,184
1014,040422.jpg,184
1015,042829.jpg,184
1016,060137.jpg,184
1017,060746.jpg,184
1018,085767.jpg,184
1019,093018.jpg,184
1020,106616.jpg,184
1021,129021.jpg,184
1029,000081.jpg,9642
1030,022023.jpg,9642
1031,030449.jpg,9642
1032,033426.jpg,9642
1033,033489.jpg,9642
1034,035417.jpg,9642
1035,057404.jpg,9642
1036,058970.jpg,9642
1037,063814.jpg,9642
1038,076761.jpg,9642
1039,106097.jpg,9642
1040,114365.jpg,9642
1041,123700.jpg,9642
1042,133860.jpg,9642
1047,000086.jpg,6145
1048,005155.jpg,6145
1049,026517.jpg,6145
1050,042780.jpg,6145
1051,046639.jpg,6145
1052,053570.jpg,6145
1053,054339.jpg,6145
1054,055639.jpg,6145
1055,061254.jpg,6145
1056,061670.jpg,6145
1057,065523.jpg,6145
1058,067685.jpg,6145
1059,073429.jpg,6145
1060,074451.jpg,6145
1069,000087.jpg,5689
1070,036552.jpg,5689
1071,053720.jpg,5689
1072,060006.jpg,5689
1073,067176.jpg,5689
1074,069104.jpg,5689
1075,078485.jpg,5689
1076,088720.jpg,5689
1077,097344.jpg,5689
1078,098363.jpg,5689
1079,100060.jpg,5689
1080,103800.jpg,5689
1081,129493.jpg,5689
1082,136514.jpg,5689
1087,000088.jpg,5578
1088,018682.jpg,5578
1089,022175.jpg,5578
1090,038787.jpg,5578
1091,039359.jpg,5578
1092,040737.jpg,5578
1093,063364.jpg,5578
1094,068331.jpg,5578
1095,076595.jpg,5578
1096,079885.jpg,5578
1097,082287.jpg,5578
1098,087519.jpg,5578
1099,094324.jpg,5578
1100,095666.jpg,5578
1115,000089.jpg,5472
1116,009774.jpg,5472
1117,017286.jpg,5472
1118,025294.jpg,5472
1119,036284.jpg,5472
1120,036601.jpg,5472
1121,036819.jpg,5472
1122,037221.jpg,5472
1123,068086.jpg,5472
1124,068862.jpg,5472
1125,074051.jpg,5472
1126,091274.jpg,5472
1127,091656.jpg,5472
1128,092118.jpg,5472
1139,000090.jpg,6622
1140,005711.jpg,6622
1141,005931.jpg,6622
1142,014646.jpg,6622
1143,024587.jpg,6622
1144,045463.jpg,6622
1145,055503.jpg,6622
1146,058733.jpg,6622
1147,059176.jpg,6622
1148,067607.jpg,6622
1149,092116.jpg,6622
1150,099411.jpg,6622
1151,101537.jpg,6622
1152,104109.jpg,6622
1158,000091.jpg,4915
1159,001168.jpg,4915
1160,002642.jpg,4915
1161,008424.jpg,4915
1162,012103.jpg,4915
1163,024455.jpg,4915
1164,058451.jpg,4915
1165,067117.jpg,4915
1166,070233.jpg,4915
1167,078783.jpg,4915
1168,085407.jpg,4915
1169,087026.jpg,4915
1170,088136.jpg,4915
1171,092704.jpg,4915
1179,000092.jpg,4876
1180,000478.jpg,4876
1181,015567.jpg,4876
1182,021190.jpg,4876
1183,031458.jpg,4876
1184,057954.jpg,4876
1185,065481.jpg,4876
1186,065719.jpg,4876
1187,071486.jpg,4876
1188,075008.jpg,4876
1189,079823.jpg,4876
1190,085171.jpg,4876
1191,094505.jpg,4876
1192,106411.jpg,4876
1200,000096.jpg,4262
1201,014166.jpg,4262
1202,018888.jpg,4262
1203,021878.jpg,4262
1204,022139.jpg,4262
1205,022791.jpg,4262
1206,025871.jpg,4262
1207,032941.jpg,4262
1208,034205.jpg,4262
1209,064894.jpg,4262
1210,086900.jpg,4262
1211,093176.jpg,4262
1212,095670.jpg,4262
1213,099107.jpg,4262
1221,000097.jpg,6530
1222,007420.jpg,6530
1223,011872.jpg,6530
1224,013255.jpg,6530
1225,018085.jpg,6530
1226,019857.jpg,6530
1227,024411.jpg,6530
1228,042318.jpg,6530
1229,047855.jpg,6530
1230,053643.jpg,6530
1231,054785.jpg,6530
1232,059816.jpg,6530
1233,070952.jpg,6530
1234,072413.jpg,6530
1249,000098.jpg,5927
1250,002619.jpg,5927
1251,005413.jpg,5927
1252,016552.jpg,5927
1253,016689.jpg,5927
1254,022575.jpg,5927
1255,038239.jpg,5927
1256,043241.jpg,5927
1257,052681.jpg,5927
1258,069522.jpg,5927
1259,085980.jpg,5927
1260,093442.jpg,5927
1261,099484.jpg,5927
1262,111729.jpg,5927
1272,000100.jpg,6746
1273,012139.jpg,6746
1274,014585.jpg,6746
1275,031522.jpg,6746
1276,036909.jpg,6746
1277,036987.jpg,6746
1278,041984.jpg,6746
1279,045668.jpg,6746
1280,052963.jpg,6746
1281,063969.jpg,6746
1282,070316.jpg,6746
1283,071608.jpg,6746
1284,087041.jpg,6746
1285,107195.jpg,6746
1294,000101.jpg,4988
1295,002941.jpg,4988
1296,026025.jpg,4988
1297,026055.jpg,4988
1298,045967.jpg,4988
1299,047640.jpg,4988
1300,077170.jpg,4988
1301,081466.jpg,4988
1302,081675.jpg,4988
1303,082176.jpg,4988
1304,083360.jpg,4988
1305,089066.jpg,4988
1306,096392.jpg,4988
1307,117328.jpg,4988
1310,000103.jpg,273
1311,005864.jpg,273
1312,013191.jpg,273
1313,015069.jpg,273
1314,024891.jpg,273
1315,040972.jpg,273
1316,051897.jpg,273
1317,070373.jpg,273
1318,090258.jpg,273
1319,091632.jpg,273
1320,106949.jpg,273
1321,112659.jpg,273
1322,113173.jpg,273
1323,125945.jpg,273
1326,000104.jpg,4323
1327,000960.jpg,4323
1328,003715.jpg,4323
1329,013205.jpg,4323
1330,024065.jpg,4323
1331,027375.jpg,4323
1332,038752.jpg,4323
1333,042838.jpg,4323
1334,043845.jpg,4323
1335,047780.jpg,4323
1336,047887.jpg,4323
1337,049005.jpg,4323
1338,050265.jpg,4323
1339,054248.jpg,4323
1356,000105.jpg,1946
1357,001792.jpg,1946
1358,007712.jpg,1946
1359,009560.jpg,1946
1360,014733.jpg,1946
1361,015355.jpg,1946
1362,016741.jpg,1946
1363,035630.jpg,1946
1364,035824.jpg,1946
1365,036147.jpg,1946
1366,047938.jpg,1946
1367,069437.jpg,1946
1368,070072.jpg,1946
1369,072621.jpg,1946
1382,000107.jpg,8833
1383,000613.jpg,8833
1384,004220.jpg,8833
1385,013023.jpg,8833
1386,017845.jpg,8833
1387,036278.jpg,8833
1388,044354.jpg,8833
1389,045942.jpg,8833
1390,062030.jpg,8833
1391,070894.jpg,8833
1392,077060.jpg,8833
1393,077548.jpg,8833
1394,079083.jpg,8833
1395,082203.jpg,8833
1409,000109.jpg,3325
1410,007667.jpg,3325
1411,012400.jpg,3325
1412,014480.jpg,3325
1413,021688.jpg,3325
1414,021705.jpg,3325
1415,027692.jpg,3325
1416,028748.jpg,3325
1417,037929.jpg,3325
1418,043754.jpg,3325
1419,054804.jpg,3325
1420,058219.jpg,3325
1421,074621.jpg,3325
1422,083689.jpg,3325
1436,000110.jpg,4731
1437,007894.jpg,4731
1438,029049.jpg,4731
1439,036233.jpg,4731
1440,040641.jpg,4731
1441,044073.jpg,4731
1442,049903.jpg,4731
1443,050047.jpg,4731
1444,056977.jpg,4731
1445,061675.jpg,4731
1446,063985.jpg,4731
1447,068516.jpg,4731
1448,074769.jpg,4731
1449,082060.jpg,4731
1465,000112.jpg,5950
1466,008998.jpg,5950
1467,015284.jpg,5950
1468,015822.jpg,5950
1469,025095.jpg,5950
1470,038913.jpg,5950
1471,059685.jpg,5950
1472,061553.jpg,5950
1473,073631.jpg,5950
1474,090939.jpg,5950
1475,091334.jpg,5950
1476,095418.jpg,5950
1477,101298.jpg,5950
1478,106238.jpg,5950
1489,000113.jpg,821
1490,007503.jpg,821
1491,008706.jpg,821
1492,019678.jpg,821
1493,032306.jpg,821
1494,039106.jpg,821
1495,045121.jpg,821
1496,059013.jpg,821
1497,073832.jpg,821
1498,076021.jpg,821
1499,076159.jpg,821
1500,100161.jpg,821
1501,111417.jpg,821
1502,125496.jpg,821
1510,000114.jpg,7256
1511,000825.jpg,7256
1512,009399.jpg,7256
1513,011760.jpg,7256
1514,012577.jpg,7256
1515,022967.jpg,7256
1516,023155.jpg,7256
1517,033367.jpg,7256
1518,035299.jpg,7256
1519,038317.jpg,7256
1520,054382.jpg,7256
1521,061983.jpg,7256
1522,072895.jpg,7256
1523,089654.jpg,7256
1540,000115.jpg,6802
1541,001036.jpg,6802
1542,013553.jpg,6802
1543,016314.jpg,6802
1544,026426.jpg,6802
1545,044498.jpg,6802
1546,045446.jpg,6802
1547,046960.jpg,6802
1548,053794.jpg,6802
1549,057093.jpg,6802
1550,057398.jpg,6802
1551,061288.jpg,6802
1552,063628.jpg,6802
1553,064694.jpg,6802
1568,000116.jpg,4887
1569,000838.jpg,4887
1570,002718.jpg,4887
1571,003646.jpg,4887
1572,009795.jpg,4887
1573,018583.jpg,4887
1574,025670.jpg,4887
1575,027804.jpg,4887
1576,028720.jpg,4887
1577,034216.jpg,4887
1578,041084.jpg,4887
1579,044044.jpg,4887
1580,047596.jpg,4887
1581,048962.jpg,4887
1595,000118.jpg,6938
1596,017816.jpg,6938
1597,025555.jpg,6938
1598,026570.jpg,6938
1599,029448.jpg,6938
1600,038434.jpg,6938
1601,057012.jpg,6938
1602,086462.jpg,6938
1603,089025.jpg,6938
1604,089617.jpg,6938
1605,095821.jpg,6938
1606,098110.jpg,6938
1607,104097.jpg,6938
1608,107988.jpg,6938
1610,000121.jpg,3705
1611,027246.jpg,3705
1612,027297.jpg,3705
1613,027395.jpg,3705
1614,032828.jpg,3705
1615,034052.jpg,3705
1616,034361.jpg,3705
1617,045243.jpg,3705
1618,045858.jpg,3705
1619,055306.jpg,3705
1620,067127.jpg,3705
1621,082744.jpg,3705
1622,088515.jpg,3705
1623,089973.jpg,3705
1630,000123.jpg,6892
1631,006862.jpg,6892
1632,031684.jpg,6892
1633,039783.jpg,6892
1634,047339.jpg,6892
1635,049397.jpg,6892
1636,057043.jpg,6892
1637,057658.jpg,6892
1638,073667.jpg,6892
1639,100492.jpg,6892
1640,103231.jpg,6892
1641,104732.jpg,6892
1642,123368.jpg,6892
1643,131638.jpg,6892
1647,000125.jpg,4225
1648,000402.jpg,4225
1649,013641.jpg,4225
1650,018510.jpg,4225
1651,018945.jpg,4225
1652,032058.jpg,4225
1653,038324.jpg,4225
1654,043619.jpg,4225
1655,044289.jpg,4225
1656,051469.jpg,4225
1657,071123.jpg,4225
1658,072311.jpg,4225
1659,090690.jpg,4225
1660,092091.jpg,4225
1669,000126.jpg,206
1670,001705.jpg,206
1671,003636.jpg,206
1672,011240.jpg,206
1673,014409.jpg,206
1674,015067.jpg,206
1675,015095.jpg,206
1676,021298.jpg,206
1677,024466.jpg,206
1678,027607.jpg,206
1679,045178.jpg,206
1680,049160.jpg,206
1681,052487.jpg,206
1682,060388.jpg,206
1698,000127.jpg,7018
1699,014666.jpg,7018
1700,019008.jpg,7018
1701,023485.jpg,7018
1702,028655.jpg,7018
1703,031462.jpg,7018
1704,045846.jpg,7018
1705,048410.jpg,7018
1706,055900.jpg,7018
1707,085286.jpg,7018
1708,103181.jpg,7018
1709,103349.jpg,7018
1710,119253.jpg,7018
1711,122748.jpg,7018
1715,000129.jpg,59
1716,003668.jpg,59
1717,012332.jpg,59
1718,020035.jpg,59
1719,020167.jpg,59
1720,024490.jpg,59
1721,028224.jpg,59
1722,030660.jpg,59
1723,030801.jpg,59
1724,037220.jpg,59
1725,042881.jpg,59
1726,050516.jpg,59
1727,057820.jpg,59
1728,060259.jpg,59
1745,000130.jpg,167
1746,000318.jpg,167
1747,011762.jpg,167
1748,016216.jpg,167
1749,017676.jpg,167
1750,022220.jpg,167
1751,026203.jpg,167
1752,033799.jpg,167
1753,038532.jpg,167
1754,043089.jpg,167
1755,044424.jpg,167
1756,046521.jpg,167
1757,072010.jpg,167
1758,072322.jpg,167
1765,000131.jpg,7222
1766,006383.jpg,7222
1767,008575.jpg,7222
1768,009865.jpg,7222
1769,010582.jpg,7222
1770,010594.jpg,7222
1771,017430.jpg,7222
1772,019686.jpg,7222
1773,021862.jpg,7222
1774,030396.jpg,7222
1775,041086.jpg,7222
1776,043004.jpg,7222
1777,065194.jpg,7222
1778,066968.jpg,7222
1791,000134.jpg,5609
1792,007483.jpg,5609
1793,011068.jpg,5609
1794,020422.jpg,5609
1795,023200.jpg,5609
1796,037257.jpg,5609
1797,039563.jpg,5609
1798,048218.jpg,5609
1799,049456.jpg,5609
1800,052964.jpg,5609
1801,058030.jpg,5609
1802,073739.jpg,5609
1803,077851.jpg,5609
1804,085369.jpg,5609
1818,000135.jpg,2522
1819,000294.jpg,2522
1820,007536.jpg,2522
1821,038995.jpg,2522
1822,043961.jpg,2522
1823,061121.jpg,2522
1824,071245.jpg,2522
1825,075913.jpg,2522
1826,080864.jpg,2522
1827,087616.jpg,2522
1828,092818.jpg,2522
1829,098463.jpg,2522
1830,101870.jpg,2522
1831,103484.jpg,2522
1847,000136.jpg,8593
1848,001427.jpg,8593
1849,007497.jpg,8593
1850,009370.jpg,8593
1851,024161.jpg,8593
1852,026086.jpg,8593
1853,026432.jpg,8593
1854,029703.jpg,8593
1855,041917.jpg,8593
1856,050050.jpg,8593
1857,070295.jpg,8593
1858,079391.jpg,8593
1859,082936.jpg,8593
1860,094238.jpg,8593
1867,000139.jpg,5026
1868,013250.jpg,5026
1869,021615.jpg,5026
1870,046229.jpg,5026
1871,047726.jpg,5026
1872,055655.jpg,5026
1873,062321.jpg,5026
1874,064522.jpg,5026
1875,068133.jpg,5026
1876,071234.jpg,5026
1877,081229.jpg,5026
1878,081232.jpg,5026
1879,102682.jpg,5026
1880,123159.jpg,5026
1886,000140.jpg,5151
1887,007789.jpg,5151
1888,020313.jpg,5151
1889,050502.jpg,5151
1890,053913.jpg,5151
1891,053928.jpg,5151
1892,063030.jpg,5151
1893,065293.jpg,5151
1894,065573.jpg,5151
1895,076031.jpg,5151
1896,082827.jpg,5151
1897,095266.jpg,5151
1898,101596.jpg,5151
1899,107350.jpg,5151
1911,000142.jpg,7624
1912,014553.jpg,7624
1913,022350.jpg,7624
1914,023009.jpg,7624
1915,032087.jpg,7624
1916,038015.jpg,7624
1917,040634.jpg,7624
1918,066310.jpg,7624
1919,067422.jpg,7624
1920,075374.jpg,7624
1921,078675.jpg,7624
1922,102984.jpg,7624
1923,107398.jpg,7624
1924,110175.jpg,7624
1940,000143.jpg,5787
1941,002326.jpg,5787
1942,036327.jpg,5787
1943,039647.jpg,5787
1944,040578.jpg,5787
1945,044900.jpg,5787
1946,054077.jpg,5787
1947,056750.jpg,5787
1948,061905.jpg,5787
1949,068749.jpg,5787
1950,080146.jpg,5787
1951,083163.jpg,5787
1952,086650.jpg,5787
1953,087621.jpg,5787
1969,000145.jpg,8776
1970,007470.jpg,8776
1971,009105.jpg,8776
1972,009849.jpg,8776
1973,021242.jpg,8776
1974,023448.jpg,8776
1975,037399.jpg,8776
1976,038897.jpg,8776
1977,046816.jpg,8776
1978,054264.jpg,8776
1979,057957.jpg,8776
1980,062326.jpg,8776
1981,064091.jpg,8776
1982,073387.jpg,8776
1993,000146.jpg,7147
1994,023394.jpg,7147
1995,028311.jpg,7147
1996,030037.jpg,7147
1997,033334.jpg,7147
1998,044162.jpg,7147
1999,049414.jpg,7147
2000,051036.jpg,7147
2001,055261.jpg,7147
2002,066974.jpg,7147
2003,072126.jpg,7147
2004,077680.jpg,7147
2005,103018.jpg,7147
2006,104994.jpg,7147
2012,000147.jpg,3485
2013,011157.jpg,3485
2014,019759.jpg,3485
2015,027494.jpg,3485
2016,047037.jpg,3485
2017,057877.jpg,3485
2018,058019.jpg,3485
2019,066105.jpg,3485
2020,069689.jpg,3485
2021,076583.jpg,3485
2022,085033.jpg,3485
2023,091758.jpg,3485
2024,103099.jpg,3485
2025,116300.jpg,3485
2034,000150.jpg,6568
2035,014728.jpg,6568
2036,020603.jpg,6568
2037,031324.jpg,6568
2038,031712.jpg,6568
2039,050675.jpg,6568
2040,054819.jpg,6568
2041,056096.jpg,6568
2042,056873.jpg,6568
2043,061257.jpg,6568
2044,071277.jpg,6568
2045,081963.jpg,6568
2046,085304.jpg,6568
2047,085859.jpg,6568
2063,000151.jpg,860
2064,028080.jpg,860
2065,029576.jpg,860
2066,043753.jpg,860
2067,047406.jpg,860
2068,048304.jpg,860
2069,065866.jpg,860
2070,074346.jpg,860
2071,097434.jpg,860
2072,112215.jpg,860
2073,132348.jpg,860
2074,152663.jpg,860
2075,154207.jpg,860
2076,160570.jpg,860
2077,000153.jpg,4099
2078,001900.jpg,4099
2079,012071.jpg,4099
2080,014577.jpg,4099
2081,024605.jpg,4099
2082,025450.jpg,4099
2083,038878.jpg,4099
2084,044460.jpg,4099
2085,060901.jpg,4099
2086,071317.jpg,4099
2087,073993.jpg,4099
2088,081258.jpg,4099
2089,082101.jpg,4099
2090,088788.jpg,4099
2104,000157.jpg,5311
2105,003754.jpg,5311
2106,008152.jpg,5311
2107,036307.jpg,5311
2108,073711.jpg,5311
2109,077690.jpg,5311
2110,082184.jpg,5311
2111,106563.jpg,5311
2112,106747.jpg,5311
2113,109011.jpg,5311
2114,111660.jpg,5311
2115,112481.jpg,5311
2116,119735.jpg,5311
2117,128125.jpg,5311
2120,000158.jpg,8766
2121,014473.jpg,8766
2122,028337.jpg,8766
2123,029423.jpg,8766
2124,035733.jpg,8766
2125,044530.jpg,8766
2126,073994.jpg,8766
2127,075432.jpg,8766
2128,085309.jpg,8766
2129,088074.jpg,8766
2130,105663.jpg,8766
2131,107104.jpg,8766
2132,116181.jpg,8766
2133,123859.jpg,8766
2137,000159.jpg,2408
2138,039004.jpg,2408
2139,040112.jpg,2408
2140,049315.jpg,2408
2141,082313.jpg,2408
2142,097123.jpg,2408
2143,099398.jpg,2408
2144,114977.jpg,2408
2145,120288.jpg,2408
2146,123869.jpg,2408
2147,127632.jpg,2408
2148,130594.jpg,2408
2149,138540.jpg,2408
2150,143223.jpg,2408
2157,000160.jpg,1435
2158,005445.jpg,1435
2159,012303.jpg,1435
2160,013153.jpg,1435
2161,014674.jpg,1435
2162,022715.jpg,1435
2163,023461.jpg,1435
2164,037104.jpg,1435
2165,046864.jpg,1435
2166,052594.jpg,1435
2167,057419.jpg,1435
2168,083840.jpg,1435
2169,094978.jpg,1435
2170,102029.jpg,1435
2186,000161.jpg,6282
2187,019135.jpg,6282
2188,020409.jpg,6282
2189,023287.jpg,6282
2190,029439.jpg,6282
2191,038060.jpg,6282
2192,044352.jpg,6282
2193,058285.jpg,6282
2194,059211.jpg,6282
2195,060276.jpg,6282
2196,114140.jpg,6282
2197,134634.jpg,6282
2198,146873.jpg,6282
2199,157777.jpg,6282
2200,000164.jpg,9490
2201,014530.jpg,9490
2202,040762.jpg,9490
2203,042274.jpg,9490
2204,051120.jpg,9490
2205,081632.jpg,9490
2206,090291.jpg,9490
2207,098324.jpg,9490
2208,103924.jpg,9490
2209,114501.jpg,9490
2210,121336.jpg,9490
2211,132502.jpg,9490
2212,135435.jpg,9490
2213,138524.jpg,9490
2220,000165.jpg,260
2221,012191.jpg,260
2222,013834.jpg,260
2223,016998.jpg,260
2224,034836.jpg,260
2225,037902.jpg,260
2226,041300.jpg,260
2227,054259.jpg,260
2228,072818.jpg,260
2229,080272.jpg,260
2230,083317.jpg,260
2231,086689.jpg,260
2232,093594.jpg,260
2233,104531.jpg,260
2241,000167.jpg,3170
2242,001877.jpg,3170
2243,025639.jpg,3170
2244,035917.jpg,3170
2245,042398.jpg,3170
2246,048103.jpg,3170
2247,049412.jpg,3170
2248,052359.jpg,3170
2249,058140.jpg,3170
2250,062594.jpg,3170
2251,075042.jpg,3170
2252,077180.jpg,3170
2253,077484.jpg,3170
2254,092874.jpg,3170
2268,000169.jpg,1028
2269,016083.jpg,1028
2270,018181.jpg,1028
2271,021874.jpg,1028
2272,022554.jpg,1028
2273,043452.jpg,1028
2274,046488.jpg,1028
2275,058717.jpg,1028
2276,059170.jpg,1028
2277,061094.jpg,1028
2278,061656.jpg,1028
2279,066932.jpg,1028
2280,072690.jpg,1028
2281,073500.jpg,1028
2289,000170.jpg,2439
2290,007288.jpg,2439
2291,008832.jpg,2439
2292,011117.jpg,2439
2293,016374.jpg,2439
2294,021631.jpg,2439
2295,025656.jpg,2439
2296,050318.jpg,2439
2297,056892.jpg,2439
2298,064971.jpg,2439
2299,070594.jpg,2439
2300,084101.jpg,2439
2301,100842.jpg,2439
2302,113709.jpg,2439
2309,000171.jpg,78
2310,013908.jpg,78
2311,014387.jpg,78
2312,017635.jpg,78
2313,030021.jpg,78
2314,031013.jpg,78
2315,041648.jpg,78
2316,051323.jpg,78
2317,060385.jpg,78
2318,066051.jpg,78
2319,066619.jpg,78
2320,077301.jpg,78
2321,092232.jpg,78
2322,096664.jpg,78
2338,000175.jpg,4422
2339,004354.jpg,4422
2340,014356.jpg,4422
2341,027448.jpg,4422
2342,031675.jpg,4422
2343,034517.jpg,4422
2344,035594.jpg,4422
2345,041625.jpg,4422
2346,043327.jpg,4422
2347,067800.jpg,4422
2348,073704.jpg,4422
2349,073849.jpg,4422
2350,079954.jpg,4422
2351,081031.jpg,4422
2361,000176.jpg,7434
2362,008608.jpg,7434
2363,024201.jpg,7434
2364,025270.jpg,7434
2365,034727.jpg,7434
2366,042558.jpg,7434
2367,046183.jpg,7434
2368,057718.jpg,7434
2369,069111.jpg,7434
2370,070512.jpg,7434
2371,071930.jpg,7434
2372,076610.jpg,7434
2373,121726.jpg,7434
2374,126315.jpg,7434
2378,000178.jpg,3798
2379,015174.jpg,3798
2380,022033.jpg,3798
2381,029201.jpg,3798
2382,031143.jpg,3798
2383,041463.jpg,3798
2384,047629.jpg,3798
2385,075306.jpg,3798
2386,090221.jpg,3798
2387,090956.jpg,3798
2388,102155.jpg,3798
2389,104709.jpg,3798
2390,126146.jpg,3798
2391,131745.jpg,3798
2392,000179.jpg,4258
2393,003409.jpg,4258
2394,005151.jpg,4258
2395,006478.jpg,4258
2396,027412.jpg,4258
2397,032816.jpg,4258
2398,034995.jpg,4258
2399,063589.jpg,4258
2400,064451.jpg,4258
2401,081076.jpg,4258
2402,096675.jpg,4258
2403,121292.jpg,4258
2404,131027.jpg,4258
2405,133554.jpg,4258
2412,000180.jpg,7367
2413,004745.jpg,7367
2414,006172.jpg,7367
2415,007413.jpg,7367
2416,018563.jpg,7367
2417,041749.jpg,7367
2418,054298.jpg,7367
2419,060443.jpg,7367
2420,072016.jpg,7367
2421,075179.jpg,7367
2422,077736.jpg,7367
2423,081227.jpg,7367
2424,092960.jpg,7367
2425,096133.jpg,7367
2433,000181.jpg,2219
2434,005039.jpg,2219
2435,010910.jpg,2219
2436,013192.jpg,2219
2437,027289.jpg,2219
2438,039454.jpg,2219
2439,055492.jpg,2219
2440,059948.jpg,2219
2441,060530.jpg,2219
2442,073768.jpg,2219
2443,076088.jpg,2219
2444,081785.jpg,2219
2445,084648.jpg,2219
2446,086370.jpg,2219
2462,000182.jpg,9476
2463,024057.jpg,9476
2464,025346.jpg,9476
2465,025968.jpg,9476
2466,037800.jpg,9476
2467,038050.jpg,9476
2468,038685.jpg,9476
2469,044317.jpg,9476
2470,053308.jpg,9476
2471,076255.jpg,9476
2472,080196.jpg,9476
2473,126369.jpg,9476
2474,128555.jpg,9476
2475,130728.jpg,9476
2477,000190.jpg,5246
2478,000864.jpg,5246
2479,005886.jpg,5246
2480,010221.jpg,5246
2481,012915.jpg,5246
2482,013073.jpg,5246
2483,031878.jpg,5246
2484,055646.jpg,5246
2485,068359.jpg,5246
2486,076179.jpg,5246
2487,080859.jpg,5246
2488,084043.jpg,5246
2489,091739.jpg,5246
2490,095778.jpg,5246
2503,000191.jpg,1111
2504,025119.jpg,1111
2505,032440.jpg,1111
2506,035922.jpg,1111
2507,043483.jpg,1111
2508,044943.jpg,1111
2509,048488.jpg,1111
2510,061210.jpg,1111
2511,093461.jpg,1111
2512,097257.jpg,1111
2513,098092.jpg,1111
2514,114910.jpg,1111
2515,120572.jpg,1111
2516,133735.jpg,1111
2517,000192.jpg,8198
2518,000327.jpg,8198
2519,004401.jpg,8198
2520,016021.jpg,8198
2521,020265.jpg,8198
2522,021863.jpg,8198
2523,026128.jpg,8198
2524,031982.jpg,8198
2525,033590.jpg,8198
2526,094194.jpg,8198
2527,103144.jpg,8198
2528,104916.jpg,8198
2529,110950.jpg,8198
2530,111726.jpg,8198
2535,000194.jpg,9352
2536,015213.jpg,9352
2537,017577.jpg,9352
2538,017613.jpg,9352
2539,024043.jpg,9352
2540,045199.jpg,9352
2541,046096.jpg,9352
2542,051086.jpg,9352
2543,053162.jpg,9352
2544,066283.jpg,9352
2545,067192.jpg,9352
2546,067759.jpg,9352
2547,083324.jpg,9352
2548,108745.jpg,9352
2552,000197.jpg,2717
2553,012137.jpg,2717
2554,038796.jpg,2717
2555,039921.jpg,2717
2556,040176.jpg,2717
2557,044402.jpg,2717
2558,051171.jpg,2717
2559,078254.jpg,2717
2560,102077.jpg,2717
2561,104286.jpg,2717
2562,122972.jpg,2717
2563,123571.jpg,2717
2564,124694.jpg,2717
2565,130575.jpg,2717
2572,000200.jpg,4945
2573,002781.jpg,4945
2574,005617.jpg,4945
2575,005860.jpg,4945
2576,010396.jpg,4945
2577,012972.jpg,4945
2578,024746.jpg,4945
2579,027676.jpg,4945
2580,028855.jpg,4945
2581,030824.jpg,4945
2582,039335.jpg,4945
2583,057430.jpg,4945
2584,057850.jpg,4945
2585,068059.jpg,4945
2600,000203.jpg,1322
2601,008888.jpg,1322
2602,009952.jpg,1322
2603,017139.jpg,1322
2604,023550.jpg,1322
2605,028620.jpg,1322
2606,028801.jpg,1322
2607,033409.jpg,1322
2608,036379.jpg,1322
2609,037988.jpg,1322
2610,038810.jpg,1322
2611,043707.jpg,1322
2612,049480.jpg,1322
2613,050447.jpg,1322
2630,000204.jpg,6819
2631,025785.jpg,6819
2632,035941.jpg,6819
2633,038784.jpg,6819
2634,048801.jpg,6819
2635,059779.jpg,6819
2636,066282.jpg,6819
2637,089867.jpg,6819
2638,090187.jpg,6819
2639,092446.jpg,6819
2640,106338.jpg,6819
2641,115119.jpg,6819
2642,136460.jpg,6819
2643,147896.jpg,6819
2644,000205.jpg,4811
2645,006524.jpg,4811
2646,007410.jpg,4811
2647,011183.jpg,4811
2648,012734.jpg,4811
2649,018819.jpg,4811
2650,023049.jpg,4811
2651,032793.jpg,4811
2652,037796.jpg,4811
2653,050881.jpg,4811
2654,051816.jpg,4811
2655,063085.jpg,4811
2656,069288.jpg,4811
2657,075681.jpg,4811
2673,000208.jpg,846
2674,004967.jpg,846
2675,005493.jpg,846
2676,010741.jpg,846
2677,018271.jpg,846
2678,019597.jpg,846
2679,020764.jpg,846
2680,030764.jpg,846
2681,035205.jpg,846
2682,042848.jpg,846
2683,052405.jpg,846
2684,064839.jpg,846
2685,066672.jpg,846
2686,087713.jpg,846
2699,000209.jpg,2650
2700,003059.jpg,2650
2701,011741.jpg,2650
2702,019457.jpg,2650
2703,026422.jpg,2650
2704,042770.jpg,2650
2705,045629.jpg,2650
2706,047096.jpg,2650
2707,064128.jpg,2650
2708,070876.jpg,2650
2709,087255.jpg,2650
2710,101705.jpg,2650
2711,129090.jpg,2650
2712,136724.jpg,2650
2716,000211.jpg,1817
2717,005111.jpg,1817
2718,007680.jpg,1817
2719,023379.jpg,1817
2720,025750.jpg,1817
2721,030751.jpg,1817
2722,031037.jpg,1817
2723,034257.jpg,1817
2724,036251.jpg,1817
2725,050274.jpg,1817
2726,055073.jpg,1817
2727,080979.jpg,1817
2728,087710.jpg,1817
2729,093422.jpg,1817
2744,000212.jpg,6718
2745,000651.jpg,6718
2746,007916.jpg,6718
2747,008983.jpg,6718
2748,010505.jpg,6718
2749,015990.jpg,6718
2750,024897.jpg,6718
2751,026294.jpg,6718
2752,031207.jpg,6718
2753,032092.jpg,6718
2754,043014.jpg,6718
2755,050979.jpg,6718
2756,051117.jpg,6718
2757,051792.jpg,6718
2774,000213.jpg,8587
2775,001356.jpg,8587
2776,017462.jpg,8587
2777,020821.jpg,8587
2778,027776.jpg,8587
2779,042631.jpg,8587
2780,052355.jpg,8587
2781,055284.jpg,8587
2782,064639.jpg,8587
2783,078810.jpg,8587
2784,089261.jpg,8587
2785,089774.jpg,8587
2786,103278.jpg,8587
2787,116390.jpg,8587
2794,000214.jpg,6376
2795,003503.jpg,6376
2796,019151.jpg,6376
2797,019624.jpg,6376
2798,029186.jpg,6376
2799,032146.jpg,6376
2800,033770.jpg,6376
2801,036238.jpg,6376
2802,040072.jpg,6376
2803,042818.jpg,6376
2804,043635.jpg,6376
2805,049463.jpg,6376
2806,051703.jpg,6376
2807,053133.jpg,6376
2822,000215.jpg,4503
2823,002309.jpg,4503
2824,003265.jpg,4503
2825,022779.jpg,4503
2826,031599.jpg,4503
2827,068536.jpg,4503
2828,074152.jpg,4503
2829,075203.jpg,4503
2830,082998.jpg,4503
2831,087648.jpg,4503
2832,089199.jpg,4503
2833,094847.jpg,4503
2834,107687.jpg,4503
2835,110859.jpg,4503
2842,000218.jpg,6465
2843,003139.jpg,6465
2844,003151.jpg,6465
2845,003160.jpg,6465
2846,004517.jpg,6465
2847,006077.jpg,6465
2848,026595.jpg,6465
2849,046157.jpg,6465
2850,062295.jpg,6465
2851,062874.jpg,6465
2852,077791.jpg,6465
2853,114092.jpg,6465
2854,115797.jpg,6465
2855,124607.jpg,6465
2860,000220.jpg,4288
2861,003634.jpg,4288
2862,018410.jpg,4288
2863,019319.jpg,4288
2864,021164.jpg,4288
2865,023489.jpg,4288
2866,023581.jpg,4288
2867,042810.jpg,4288
2868,043806.jpg,4288
2869,051330.jpg,4288
2870,053121.jpg,4288
2871,057099.jpg,4288
2872,058525.jpg,4288
2873,058665.jpg,4288
2887,000221.jpg,4810
2888,008944.jpg,4810
2889,011541.jpg,4810
2890,019497.jpg,4810
2891,033006.jpg,4810
2892,034757.jpg,4810
2893,058773.jpg,4810
2894,069346.jpg,4810
2895,069617.jpg,4810
2896,072917.jpg,4810
2897,090209.jpg,4810
2898,100662.jpg,4810
2899,107482.jpg,4810
2900,108488.jpg,4810
2905,000222.jpg,578
2906,011836.jpg,578
2907,033655.jpg,578
2908,034211.jpg,578
2909,038327.jpg,578
2910,040529.jpg,578
2911,043094.jpg,578
2912,054031.jpg,578
2913,068333.jpg,578
2914,068861.jpg,578
2915,082673.jpg,578
2916,092875.jpg,578
2917,097408.jpg,578
2918,115600.jpg,578
2924,000223.jpg,6174
2925,016393.jpg,6174
2926,026955.jpg,6174
2927,029077.jpg,6174
2928,076824.jpg,6174
2929,078211.jpg,6174
2930,086514.jpg,6174
2931,095318.jpg,6174
2932,099014.jpg,6174
2933,100093.jpg,6174
2934,113103.jpg,6174
2935,136589.jpg,6174
2936,146013.jpg,6174
2937,147951.jpg,6174
2940,000224.jpg,1735
2941,002455.jpg,1735
2942,004402.jpg,1735
2943,036605.jpg,1735
2944,038522.jpg,1735
2945,046618.jpg,1735
2946,057612.jpg,1735
2947,078240.jpg,1735
2948,081637.jpg,1735
2949,084195.jpg,1735
2950,084585.jpg,1735
2951,088528.jpg,1735
2952,093930.jpg,1735
2953,095615.jpg,1735
2960,000225.jpg,449
2961,006665.jpg,449
2962,012740.jpg,449
2963,017331.jpg,449
2964,026562.jpg,449
2965,026917.jpg,449
2966,031130.jpg,449
2967,037511.jpg,449
2968,046563.jpg,449
2969,046594.jpg,449
2970,049635.jpg,449
2971,053739.jpg,449
2972,058946.jpg,449
2973,076517.jpg,449
2987,000226.jpg,1739
2988,009742.jpg,1739
2989,012778.jpg,1739
2990,023117.jpg,1739
2991,028678.jpg,1739
2992,038435.jpg,1739
2993,043862.jpg,1739
2994,050967.jpg,1739
2995,052866.jpg,1739
2996,053629.jpg,1739
2997,075422.jpg,1739
2998,088631.jpg,1739
2999,090350.jpg,1739
3000,096526.jpg,1739
3009,000227.jpg,9449
3010,009741.jpg,9449
3011,016682.jpg,9449
3012,017825.jpg,9449
3013,025467.jpg,9449
3014,031096.jpg,9449
3015,033045.jpg,9449
3016,039416.jpg,9449
3017,070566.jpg,9449
3018,102749.jpg,9449
3019,106698.jpg,9449
3020,107189.jpg,9449
3021,112444.jpg,9449
3022,118583.jpg,9449
3027,000228.jpg,3422
3028,001683.jpg,3422
3029,006422.jpg,3422
3030,012880.jpg,3422
3031,015016.jpg,3422
3032,022308.jpg,3422
3033,022359.jpg,3422
3034,045483.jpg,3422
3035,055708.jpg,3422
3036,077577.jpg,3422
3037,077656.jpg,3422
3038,093814.jpg,3422
3039,104677.jpg,3422
3040,128587.jpg,3422
3043,000230.jpg,1643
3044,004028.jpg,1643
3045,005585.jpg,1643
3046,007944.jpg,1643
3047,022312.jpg,1643
3048,036368.jpg,1643
3049,045519.jpg,1643
3050,047003.jpg,1643
3051,052471.jpg,1643
3052,052908.jpg,1643
3053,076081.jpg,1643
3054,082399.jpg,1643
3055,082916.jpg,1643
3056,132895.jpg,1643
3061,000233.jpg,4642
3062,004630.jpg,4642
3063,006197.jpg,4642
3064,021451.jpg,4642
3065,024483.jpg,4642
3066,031417.jpg,4642
3067,043828.jpg,4642
3068,077824.jpg,4642
3069,078223.jpg,4642
3070,097485.jpg,4642
3071,106300.jpg,4642
3072,108122.jpg,4642
3073,117819.jpg,4642
3074,127678.jpg,4642
3075,000235.jpg,4231
3076,003924.jpg,4231
3077,011758.jpg,4231
3078,015459.jpg,4231
3079,018537.jpg,4231
3080,019508.jpg,4231
3081,020926.jpg,4231
3082,023661.jpg,4231
3083,026311.jpg,4231
3084,031586.jpg,4231
3085,042681.jpg,4231
3086,047505.jpg,4231
3087,064261.jpg,4231
3088,069603.jpg,4231
3094,000236.jpg,2292
3095,001307.jpg,2292
3096,001626.jpg,2292
3097,004640.jpg,2292
3098,029593.jpg,2292
3099,039263.jpg,2292
3100,047120.jpg,2292
3101,050778.jpg,2292
3102,052303.jpg,2292
3103,072799.jpg,2292
3104,075414.jpg,2292
3105,087510.jpg,2292
3106,091182.jpg,2292
3107,096053.jpg,2292
3111,000238.jpg,4561
3112,008879.jpg,4561
3113,010691.jpg,4561
3114,016073.jpg,4561
3115,019368.jpg,4561
3116,033672.jpg,4561
3117,041409.jpg,4561
3118,046101.jpg,4561
3119,052129.jpg,4561
3120,057021.jpg,4561
3121,059923.jpg,4561
3122,072473.jpg,4561
3123,073957.jpg,4561
3124,078138.jpg,4561
3138,000242.jpg,226
3139,001201.jpg,226
3140,003541.jpg,226
3141,013631.jpg,226
3142,019894.jpg,226
3143,029354.jpg,226
3144,042057.jpg,226
3145,045729.jpg,226
3146,046644.jpg,226
3147,048177.jpg,226
3148,049656.jpg,226
3149,062960.jpg,226
3150,065145.jpg,226
3151,074688.jpg,226
3167,000245.jpg,4686
3168,007879.jpg,4686
3169,009001.jpg,4686
3170,042793.jpg,4686
3171,043516.jpg,4686
3172,049949.jpg,4686
3173,050096.jpg,4686
3174,051484.jpg,4686
3175,059158.jpg,4686
3176,060148.jpg,4686
3177,064006.jpg,4686
3178,070314.jpg,4686
3179,072660.jpg,4686
3180,081521.jpg,4686
3196,000246.jpg,509
3197,021841.jpg,509
3198,034894.jpg,509
3199,038311.jpg,509
3200,045187.jpg,509
3201,071955.jpg,509
3202,077870.jpg,509
3203,093418.jpg,509
3204,098083.jpg,509
3205,099974.jpg,509
3206,100627.jpg,509
3207,106893.jpg,509
3208,110368.jpg,509
3209,137186.jpg,509
3212,000247.jpg,5680
3213,003269.jpg,5680
3214,007632.jpg,5680
3215,008815.jpg,5680
3216,011652.jpg,5680
3217,013743.jpg,5680
3218,036299.jpg,5680
3219,042803.jpg,5680
3220,045155.jpg,5680
3221,058824.jpg,5680
3222,086644.jpg,5680
3223,088407.jpg,5680
3224,091301.jpg,5680
3225,102874.jpg,5680
3235,000248.jpg,6243
3236,004035.jpg,6243
3237,019526.jpg,6243
3238,023991.jpg,6243
3239,046668.jpg,6243
3240,048863.jpg,6243
3241,058169.jpg,6243
3242,059821.jpg,6243
3243,064467.jpg,6243
3244,068463.jpg,6243
3245,089682.jpg,6243
3246,090753.jpg,6243
3247,094190.jpg,6243
3248,097849.jpg,6243
3253,000251.jpg,9213
3254,008909.jpg,9213
3255,018282.jpg,9213
3256,024781.jpg,9213
3257,025084.jpg,9213
3258,028808.jpg,9213
3259,032896.jpg,9213
3260,033405.jpg,9213
3261,040119.jpg,9213
3262,043633.jpg,9213
3263,046825.jpg,9213
3264,047426.jpg,9213
3265,047836.jpg,9213
3266,059589.jpg,9213
3281,000253.jpg,608
3282,001222.jpg,608
3283,003075.jpg,608
3284,022345.jpg,608
3285,023912.jpg,608
3286,032245.jpg,608
3287,035148.jpg,608
3288,040428.jpg,608
3289,040927.jpg,608
3290,042164.jpg,608
3291,056850.jpg,608
3292,057330.jpg,608
3293,057512.jpg,608
3294,058256.jpg,608
3310,000254.jpg,6936
3311,005204.jpg,6936
3312,017070.jpg,6936
3313,019378.jpg,6936
3314,030427.jpg,6936
3315,038754.jpg,6936
3316,053090.jpg,6936
3317,067838.jpg,6936
3318,068755.jpg,6936
3319,071644.jpg,6936
3320,075288.jpg,6936
3321,087359.jpg,6936
3322,103255.jpg,6936
3323,105927.jpg,6936
3328,000255.jpg,1634
3329,007395.jpg,1634
3330,015918.jpg,1634
3331,023381.jpg,1634
3332,026851.jpg,1634
3333,031881.jpg,1634
3334,046241.jpg,1634
3335,046583.jpg,1634
3336,050401.jpg,1634
3337,052302.jpg,1634
3338,052950.jpg,1634
3339,062426.jpg,1634
3340,072136.jpg,1634
3341,077727.jpg,1634
3358,000256.jpg,2175
3359,007976.jpg,2175
3360,009168.jpg,2175
3361,014302.jpg,2175
3362,018346.jpg,2175
3363,020388.jpg,2175
3364,026161.jpg,2175
3365,029940.jpg,2175
3366,039947.jpg,2175
3367,045066.jpg,2175
3368,082437.jpg,2175
3369,087104.jpg,2175
3370,093396.jpg,2175
3371,100563.jpg,2175
3377,000258.jpg,5489
3378,002792.jpg,5489
3379,017201.jpg,5489
3380,019872.jpg,5489
3381,033922.jpg,5489
3382,040477.jpg,5489
3383,043016.jpg,5489
3384,047413.jpg,5489
3385,064667.jpg,5489
3386,069529.jpg,5489
3387,080661.jpg,5489
3388,084956.jpg,5489
3389,092814.jpg,5489
3390,108585.jpg,5489
3398,000259.jpg,3032
3399,002609.jpg,3032
3400,003068.jpg,3032
3401,008121.jpg,3032
3402,026588.jpg,3032
3403,047035.jpg,3032
3404,061196.jpg,3032
3405,064384.jpg,3032
3406,075924.jpg,3032
3407,076505.jpg,3032
3408,095085.jpg,3032
3409,100496.jpg,3032
3410,103064.jpg,3032
3411,106992.jpg,3032
3416,000260.jpg,1156
3417,000774.jpg,1156
3418,018716.jpg,1156
3419,037059.jpg,1156
3420,056166.jpg,1156
3421,066389.jpg,1156
3422,070789.jpg,1156
3423,070893.jpg,1156
3424,073622.jpg,1156
3425,084037.jpg,1156
3426,106922.jpg,1156
3427,109940.jpg,1156
3428,112063.jpg,1156
3429,112756.jpg,1156
3434,000261.jpg,1204
3435,002452.jpg,1204
3436,003461.jpg,1204
3437,012072.jpg,1204
3438,029138.jpg,1204
3439,029908.jpg,1204
3440,039372.jpg,1204
3441,042742.jpg,1204
3442,045022.jpg,1204
3443,045037.jpg,1204
3444,046468.jpg,1204
3445,050914.jpg,1204
3446,060615.jpg,1204
3447,064540.jpg,1204
3464,000263.jpg,3118
3465,022045.jpg,3118
3466,022339.jpg,3118
3467,024408.jpg,3118
3468,029701.jpg,3118
3469,030677.jpg,3118
3470,035781.jpg,3118
3471,040766.jpg,3118
3472,042120.jpg,3118
3473,057320.jpg,3118
3474,058814.jpg,3118
3475,058979.jpg,3118
3476,061827.jpg,3118
3477,065306.jpg,3118
3490,000270.jpg,6961
3491,004255.jpg,6961
3492,022215.jpg,6961
3493,023697.jpg,6961
3494,027590.jpg,6961
3495,033012.jpg,6961
3496,040511.jpg,6961
3497,045017.jpg,6961
3498,051639.jpg,6961
3499,066760.jpg,6961
3500,079288.jpg,6961
3501,081272.jpg,6961
3502,082273.jpg,6961
3503,091877.jpg,6961
3511,000271.jpg,6330
3512,014867.jpg,6330
3513,020114.jpg,6330
3514,020565.jpg,6330
3515,036210.jpg,6330
3516,046477.jpg,6330
3517,049907.jpg,6330
3518,059775.jpg,6330
3519,074312.jpg,6330
3520,094093.jpg,6330
3521,098656.jpg,6330
3522,103967.jpg,6330
3523,107757.jpg,6330
3524,115349.jpg,6330
3525,000273.jpg,2136
3526,007742.jpg,2136
3527,008448.jpg,2136
3528,014076.jpg,2136
3529,018154.jpg,2136
3530,025341.jpg,2136
3531,041341.jpg,2136
3532,051648.jpg,2136
3533,069071.jpg,2136
3534,080275.jpg,2136
3535,098766.jpg,2136
3536,102542.jpg,2136
3537,115810.jpg,2136
3538,120626.jpg,2136
3542,000277.jpg,7359
3543,006598.jpg,7359
3544,015784.jpg,7359
3545,025256.jpg,7359
3546,039015.jpg,7359
3547,050166.jpg,7359
3548,056222.jpg,7359
3549,059652.jpg,7359
3550,080829.jpg,7359
3551,098120.jpg,7359
3552,103724.jpg,7359
3553,107643.jpg,7359
3554,112272.jpg,7359
3555,114327.jpg,7359
3563,000278.jpg,2161
3564,009771.jpg,2161
3565,013344.jpg,2161
3566,016988.jpg,2161
3567,036446.jpg,2161
3568,039173.jpg,2161
3569,046972.jpg,2161
3570,053031.jpg,2161
3571,064752.jpg,2161
3572,091753.jpg,2161
3573,115277.jpg,2161
3574,120345.jpg,2161
3575,127984.jpg,2161
3576,131902.jpg,2161
3579,000281.jpg,9027
3580,026787.jpg,9027
3581,027947.jpg,9027
3582,041344.jpg,9027
3583,056540.jpg,9027
3584,062950.jpg,9027
3585,086740.jpg,9027
3586,088566.jpg,9027
3587,106728.jpg,9027
3588,109371.jpg,9027
3589,113774.jpg,9027
3590,121324.jpg,9027
3591,126026.jpg,9027
3592,130674.jpg,9027
3597,000284.jpg,9876
3598,008337.jpg,9876
3599,013081.jpg,9876
3600,018869.jpg,9876
3601,029283.jpg,9876
3602,045876.jpg,9876
3603,049510.jpg,9876
3604,049572.jpg,9876
3605,055617.jpg,9876
3606,057097.jpg,9876
3607,092817.jpg,9876
3608,119396.jpg,9876
3609,122775.jpg,9876
3610,158109.jpg,9876
3612,000286.jpg,3449
3613,020931.jpg,3449
3614,023565.jpg,3449
3615,025783.jpg,3449
3616,026306.jpg,3449
3617,031062.jpg,3449
3618,032755.jpg,3449
3619,048872.jpg,3449
3620,055521.jpg,3449
3621,081169.jpg,3449
3622,082946.jpg,3449
3623,084951.jpg,3449
3624,085799.jpg,3449
3625,088001.jpg,3449
3641,000287.jpg,323
3642,005196.jpg,323
3643,011806.jpg,323
3644,032604.jpg,323
3645,036150.jpg,323
3646,044673.jpg,323
3647,052327.jpg,323
3648,070812.jpg,323
3649,077777.jpg,323
3650,083243.jpg,323
3651,091542.jpg,323
3652,095016.jpg,323
3653,102701.jpg,323
3654,107481.jpg,323
3666,000288.jpg,3804
3667,001641.jpg,3804
3668,004266.jpg,3804
3669,026620.jpg,3804
3670,031896.jpg,3804
3671,031950.jpg,3804
3672,033264.jpg,3804
3673,036026.jpg,3804
3674,041117.jpg,3804
3675,053861.jpg,3804
3676,063973.jpg,3804
3677,070103.jpg,3804
3678,079744.jpg,3804
3679,109223.jpg,3804
3684,000289.jpg,2150
3685,010096.jpg,2150
3686,013422.jpg,2150
3687,014961.jpg,2150
3688,015384.jpg,2150
3689,022387.jpg,2150
3690,026921.jpg,2150
3691,031225.jpg,2150
3692,065223.jpg,2150
3693,072092.jpg,2150
3694,078970.jpg,2150
3695,079395.jpg,2150
3696,082134.jpg,2150
3697,088150.jpg,2150
3702,000292.jpg,290
3703,018516.jpg,290
3704,024754.jpg,290
3705,043681.jpg,290
3706,044343.jpg,290
3707,067448.jpg,290
3708,075773.jpg,290
3709,080128.jpg,290
3710,083673.jpg,290
3711,103394.jpg,290
3712,119659.jpg,290
3713,133435.jpg,290
3714,139622.jpg,290
3715,146155.jpg,290
3716,000293.jpg,3175
3717,003232.jpg,3175
3718,005345.jpg,3175
3719,007337.jpg,3175
3720,013843.jpg,3175
3721,014648.jpg,3175
3722,019506.jpg,3175
3723,021198.jpg,3175
3724,023324.jpg,3175
3725,028454.jpg,3175
3726,028683.jpg,3175
3727,031731.jpg,3175
3728,031918.jpg,3175
3729,065067.jpg,3175
3744,000295.jpg,1107
3745,010174.jpg,1107
3746,026943.jpg,1107
3747,044877.jpg,1107
3748,058924.jpg,1107
3749,064469.jpg,1107
3750,076822.jpg,1107
3751,078988.jpg,1107
3752,082284.jpg,1107
3753,090430.jpg,1107
3754,095555.jpg,1107
3755,100266.jpg,1107
3756,101741.jpg,1107
3757,102272.jpg,1107
3763,000297.jpg,8582
3764,012219.jpg,8582
3765,019271.jpg,8582
3766,025592.jpg,8582
3767,042643.jpg,8582
3768,054373.jpg,8582
3769,054648.jpg,8582
3770,065201.jpg,8582
3771,090736.jpg,8582
3772,092889.jpg,8582
3773,096469.jpg,8582
3774,107547.jpg,8582
3775,116603.jpg,8582
3776,120203.jpg,8582
3783,000300.jpg,1007
3784,018087.jpg,1007
3785,035391.jpg,1007
3786,042275.jpg,1007
3787,050276.jpg,1007
3788,054277.jpg,1007
3789,077400.jpg,1007
3790,100240.jpg,1007
3791,101864.jpg,1007
3792,111210.jpg,1007
3793,112685.jpg,1007
3794,135467.jpg,1007
3795,137415.jpg,1007
3796,137819.jpg,1007
3798,000306.jpg,7405
3799,010341.jpg,7405
3800,011616.jpg,7405
3801,048901.jpg,7405
3802,050311.jpg,7405
3803,066963.jpg,7405
3804,098355.jpg,7405
3805,104894.jpg,7405
3806,105045.jpg,7405
3807,106433.jpg,7405
3808,111388.jpg,7405
3809,127425.jpg,7405
3810,129229.jpg,7405
3811,139137.jpg,7405
3813,000307.jpg,2049
3814,006483.jpg,2049
3815,024068.jpg,2049
3816,032398.jpg,2049
3817,043162.jpg,2049
3818,046590.jpg,2049
3819,048650.jpg,2049
3820,086886.jpg,2049
3821,088540.jpg,2049
3822,090142.jpg,2049
3823,093304.jpg,2049
3824,099540.jpg,2049
3825,101481.jpg,2049
3826,106248.jpg,2049
3833,000309.jpg,5586
3834,020383.jpg,5586
3835,022992.jpg,5586
3836,031218.jpg,5586
3837,034832.jpg,5586
3838,035944.jpg,5586
3839,044611.jpg,5586
3840,057400.jpg,5586
3841,080759.jpg,5586
3842,086336.jpg,5586
3843,091614.jpg,5586
3844,100573.jpg,5586
3845,102699.jpg,5586
3846,116549.jpg,5586
3851,000311.jpg,933
3852,002925.jpg,933
3853,012771.jpg,933
3854,029626.jpg,933
3855,030840.jpg,933
3856,031416.jpg,933
3857,045313.jpg,933
3858,048640.jpg,933
3859,053806.jpg,933
3860,059720.jpg,933
3861,061900.jpg,933
3862,077519.jpg,933
3863,108516.jpg,933
3864,118745.jpg,933
3865,000312.jpg,128
3866,000666.jpg,128
3867,006129.jpg,128
3868,007727.jpg,128
3869,014154.jpg,128
3870,025086.jpg,128
3871,031404.jpg,128
3872,042225.jpg,128
3873,044568.jpg,128
3874,045327.jpg,128
3875,047072.jpg,128
3876,052213.jpg,128
3877,056758.jpg,128
3878,057343.jpg,128
3890,000313.jpg,1093
3891,008611.jpg,1093
3892,015138.jpg,1093
3893,015392.jpg,1093
3894,020124.jpg,1093
3895,026048.jpg,1093
3896,056093.jpg,1093
3897,074561.jpg,1093
3898,075162.jpg,1093
3899,077358.jpg,1093
3900,083420.jpg,1093
3901,088674.jpg,1093
3902,103687.jpg,1093
3903,105549.jpg,1093
3913,000315.jpg,969
3914,027562.jpg,969
3915,030911.jpg,969
3916,033549.jpg,969
3917,033598.jpg,969
3918,043499.jpg,969
3919,074247.jpg,969
3920,074428.jpg,969
3921,082725.jpg,969
3922,091414.jpg,969
3923,092788.jpg,969
3924,109151.jpg,969
3925,127075.jpg,969
3926,134820.jpg,969
3932,000317.jpg,1371
3933,010259.jpg,1371
3934,038544.jpg,1371
3935,043146.jpg,1371
3936,057898.jpg,1371
3937,070353.jpg,1371
3938,073462.jpg,1371
3939,078179.jpg,1371
3940,079421.jpg,1371
3941,083923.jpg,1371
3942,092282.jpg,1371
3943,111860.jpg,1371
3944,120615.jpg,1371
3945,125127.jpg,1371
3947,000319.jpg,9701
3948,004141.jpg,9701
3949,006880.jpg,9701
3950,016407.jpg,9701
3951,025191.jpg,9701
3952,034300.jpg,9701
3953,045401.jpg,9701
3954,076938.jpg,9701
3955,090093.jpg,9701
3956,095433.jpg,9701
3957,101041.jpg,9701
3958,108175.jpg,9701
3959,109616.jpg,9701
3960,117069.jpg,9701
3970,000320.jpg,4605
3971,048141.jpg,4605
3972,058384.jpg,4605
3973,063787.jpg,4605
3974,065688.jpg,4605
3975,076259.jpg,4605
3976,078073.jpg,4605
3977,079021.jpg,4605
3978,081975.jpg,4605
3979,088925.jpg,4605
3980,092315.jpg,4605
3981,097767.jpg,4605
3982,103829.jpg,4605
3983,121844.jpg,4605
3990,000323.jpg,3875
3991,005048.jpg,3875
3992,005690.jpg,3875
3993,007998.jpg,3875
3994,008281.jpg,3875
3995,016637.jpg,3875
3996,018439.jpg,3875
3997,025406.jpg,3875
3998,038258.jpg,3875
3999,040270.jpg,3875
4000,049460.jpg,3875
4001,051684.jpg,3875
4002,059144.jpg,3875
4003,063533.jpg,3875
4018,000325.jpg,1535
4019,006772.jpg,1535
4020,007777.jpg,1535
4021,008075.jpg,1535
4022,017400.jpg,1535
4023,022371.jpg,1535
4024,027396.jpg,1535
4025,035727.jpg,1535
4026,040266.jpg,1535
4027,045476.jpg,1535
4028,068969.jpg,1535
4029,070153.jpg,1535
4030,081164.jpg,1535
4031,087274.jpg,1535
4039,000326.jpg,2239
4040,012425.jpg,2239
4041,012961.jpg,2239
4042,036550.jpg,2239
4043,044198.jpg,2239
4044,060563.jpg,2239
4045,084100.jpg,2239
4046,091322.jpg,2239
4047,093086.jpg,2239
4048,100432.jpg,2239
4049,108684.jpg,2239
4050,108994.jpg,2239
4051,114359.jpg,2239
4052,122853.jpg,2239
4058,000329.jpg,2030
4059,004193.jpg,2030
4060,010710.jpg,2030
4061,015120.jpg,2030
4062,016344.jpg,2030
4063,020293.jpg,2030
4064,021923.jpg,2030
4065,022302.jpg,2030
4066,024382.jpg,2030
4067,026994.jpg,2030
4068,027167.jpg,2030
4069,032451.jpg,2030
4070,059834.jpg,2030
4071,060688.jpg,2030
4087,000331.jpg,8469
4088,000564.jpg,8469
4089,005917.jpg,8469
4090,007014.jpg,8469
4091,007252.jpg,8469
4092,012064.jpg,8469
4093,014135.jpg,8469
4094,016360.jpg,8469
4095,025001.jpg,8469
4096,028647.jpg,8469
4097,029506.jpg,8469
4098,034575.jpg,8469
4099,051413.jpg,8469
4100,054543.jpg,8469
4116,000334.jpg,690
4117,010297.jpg,690
4118,018873.jpg,690
4119,048144.jpg,690
4120,054697.jpg,690
4121,065633.jpg,690
4122,069272.jpg,690
4123,102838.jpg,690
4124,109885.jpg,690
4125,116203.jpg,690
4126,116645.jpg,690
4127,120076.jpg,690
4128,128420.jpg,690
4129,142140.jpg,690
4130,000336.jpg,1024
4131,007262.jpg,1024
4132,011311.jpg,1024
4133,033641.jpg,1024
4134,033786.jpg,1024
4135,034311.jpg,1024
4136,049976.jpg,1024
4137,053818.jpg,1024
4138,064166.jpg,1024
4139,102251.jpg,1024
4140,106443.jpg,1024
4141,110069.jpg,1024
4142,120436.jpg,1024
4143,122636.jpg,1024
4144,000337.jpg,611
4145,014087.jpg,611
4146,016983.jpg,611
4147,057453.jpg,611
4148,070731.jpg,611
4149,077570.jpg,611
4150,081967.jpg,611
4151,083335.jpg,611
4152,088765.jpg,611
4153,098408.jpg,611
4154,100113.jpg,611
4155,102346.jpg,611
4156,122845.jpg,611
4157,124217.jpg,611
4161,000339.jpg,769
4162,000443.jpg,769
4163,004975.jpg,769
4164,009204.jpg,769
4165,009373.jpg,769
4166,011553.jpg,769
4167,014659.jpg,769
4168,015731.jpg,769
4169,033312.jpg,769
4170,036123.jpg,769
4171,039316.jpg,769
4172,041024.jpg,769
4173,048135.jpg,769
4174,049484.jpg,769
4187,000340.jpg,3936
4188,010823.jpg,3936
4189,029613.jpg,3936
4190,035341.jpg,3936
4191,043737.jpg,3936
4192,050143.jpg,3936
4193,060667.jpg,3936
4194,062169.jpg,3936
4195,066489.jpg,3936
4196,066969.jpg,3936
4197,070575.jpg,3936
4198,090998.jpg,3936
4199,114375.jpg,3936
4200,117446.jpg,3936
4205,000342.jpg,7177
4206,003168.jpg,7177
4207,004835.jpg,7177
4208,012118.jpg,7177
4209,025547.jpg,7177
4210,038710.jpg,7177
4211,063962.jpg,7177
4212,076960.jpg,7177
4213,083622.jpg,7177
4214,086869.jpg,7177
4215,092713.jpg,7177
4216,093323.jpg,7177
4217,098854.jpg,7177
4218,101156.jpg,7177
4232,000345.jpg,1515
4233,006470.jpg,1515
4234,016899.jpg,1515
4235,037053.jpg,1515
4236,038967.jpg,1515
4237,039580.jpg,1515
4238,053842.jpg,1515
4239,065881.jpg,1515
4240,070707.jpg,1515
4241,079455.jpg,1515
4242,081204.jpg,1515
4243,094889.jpg,1515
4244,102781.jpg,1515
4245,121414.jpg,1515
4248,000347.jpg,7539
4249,006374.jpg,7539
4250,008898.jpg,7539
4251,016078.jpg,7539
4252,017586.jpg,7539
4253,039494.jpg,7539
4254,039785.jpg,7539
4255,045867.jpg,7539
4256,050495.jpg,7539
4257,058128.jpg,7539
4258,071118.jpg,7539
4259,084112.jpg,7539
4260,084395.jpg,7539
4261,109983.jpg,7539
4271,000352.jpg,2753
4272,002415.jpg,2753
4273,006068.jpg,2753
4274,007350.jpg,2753
4275,008930.jpg,2753
4276,010136.jpg,2753
4277,013170.jpg,2753
4278,019615.jpg,2753
4279,020353.jpg,2753
4280,020529.jpg,2753
4281,064360.jpg,2753
4282,074384.jpg,2753
4283,086861.jpg,2753
4284,101325.jpg,2753
4291,000353.jpg,7183
4292,001665.jpg,7183
4293,007923.jpg,7183
4294,013823.jpg,7183
4295,034898.jpg,7183
4296,065478.jpg,7183
4297,071341.jpg,7183
4298,078553.jpg,7183
4299,085165.jpg,7183
4300,092808.jpg,7183
4301,118810.jpg,7183
4302,127313.jpg,7183
4303,127852.jpg,7183
4304,128621.jpg,7183
4309,000355.jpg,7115
4310,016449.jpg,7115
4311,020688.jpg,7115
4312,032766.jpg,7115
4313,039724.jpg,7115
4314,056890.jpg,7115
4315,070811.jpg,7115
4316,086706.jpg,7115
4317,096633.jpg,7115
4318,108087.jpg,7115
4319,123038.jpg,7115
4320,138788.jpg,7115
4321,149720.jpg,7115
4322,156851.jpg,7115
4323,000358.jpg,5649
4324,004308.jpg,5649
4325,027257.jpg,5649
4326,039439.jpg,5649
4327,044416.jpg,5649
4328,052535.jpg,5649
4329,082594.jpg,5649
4330,087542.jpg,5649
4331,095924.jpg,5649
4332,117338.jpg,5649
4333,126472.jpg,5649
4334,139367.jpg,5649
4335,139483.jpg,5649
4336,159988.jpg,5649
4337,000360.jpg,2513
4338,003574.jpg,2513
4339,022533.jpg,2513
4340,035926.jpg,2513
4341,040360.jpg,2513
4342,043318.jpg,2513
4343,075801.jpg,2513
4344,079425.jpg,2513
4345,085332.jpg,2513
4346,098263.jpg,2513
4347,108162.jpg,2513
4348,126644.jpg,2513
4349,129988.jpg,2513
4350,137153.jpg,2513
4357,000361.jpg,9886
4358,008951.jpg,9886
4359,010435.jpg,9886
4360,022870.jpg,9886
4361,024214.jpg,9886
4362,029902.jpg,9886
4363,031042.jpg,9886
4364,032814.jpg,9886
4365,033578.jpg,9886
4366,036434.jpg,9886
4367,051336.jpg,9886
4368,053384.jpg,9886
4369,074956.jpg,9886
4370,080877.jpg,9886
4384,000362.jpg,3060
4385,005564.jpg,3060
4386,008427.jpg,3060
4387,010938.jpg,3060
4388,013227.jpg,3060
4389,014816.jpg,3060
4390,014926.jpg,3060
4391,025142.jpg,3060
4392,028871.jpg,3060
4393,031188.jpg,3060
4394,033863.jpg,3060
4395,048710.jpg,3060
4396,050458.jpg,3060
4397,069196.jpg,3060
4413,000363.jpg,951
4414,001591.jpg,951
4415,007869.jpg,951
4416,010739.jpg,951
4417,022614.jpg,951
4418,029929.jpg,951
4419,036417.jpg,951
4420,041113.jpg,951
4421,048422.jpg,951
4422,054845.jpg,951
4423,057711.jpg,951
4424,061439.jpg,951
4425,063426.jpg,951
4426,066727.jpg,951
4441,000365.jpg,2026
4442,009617.jpg,2026
4443,010264.jpg,2026
4444,014982.jpg,2026
4445,015074.jpg,2026
4446,021173.jpg,2026
4447,027315.jpg,2026
4448,029729.jpg,2026
4449,038449.jpg,2026
4450,045269.jpg,2026
4451,049294.jpg,2026
4452,064488.jpg,2026
4453,065285.jpg,2026
4454,074780.jpg,2026
4470,000367.jpg,2713
4471,003055.jpg,2713
4472,036190.jpg,2713
4473,070023.jpg,2713
4474,090929.jpg,2713
4475,094674.jpg,2713
4476,100167.jpg,2713
4477,101732.jpg,2713
4478,129240.jpg,2713
4479,136261.jpg,2713
4480,140600.jpg,2713
4481,142112.jpg,2713
4482,144308.jpg,2713
4483,153732.jpg,2713
4485,000371.jpg,879
4486,000395.jpg,879
4487,004560.jpg,879
4488,015952.jpg,879
4489,025641.jpg,879
4490,032240.jpg,879
4491,038837.jpg,879
4492,039270.jpg,879
4493,041528.jpg,879
4494,041567.jpg,879
4495,048434.jpg,879
4496,062708.jpg,879
4497,083867.jpg,879
4498,091502.jpg,879
4505,000374.jpg,3173
4506,016263.jpg,3173
4507,016322.jpg,3173
4508,023351.jpg,3173
4509,027454.jpg,3173
4510,030152.jpg,3173
4511,035698.jpg,3173
4512,040154.jpg,3173
4513,060380.jpg,3173
4514,073261.jpg,3173
4515,078992.jpg,3173
4516,086193.jpg,3173
4517,094963.jpg,3173
4518,100708.jpg,3173
4528,000376.jpg,2297
4529,010597.jpg,2297
4530,025837.jpg,2297
4531,043083.jpg,2297
4532,051552.jpg,2297
4533,053440.jpg,2297
4534,059835.jpg,2297
4535,062210.jpg,2297
4536,069157.jpg,2297
4537,080078.jpg,2297
4538,083552.jpg,2297
4539,091982.jpg,2297
4540,095603.jpg,2297
4541,097858.jpg,2297
4557,000377.jpg,6476
4558,007573.jpg,6476
4559,014199.jpg,6476
4560,017644.jpg,6476
4561,019966.jpg,6476
4562,038507.jpg,6476
4563,051390.jpg,6476
4564,059903.jpg,6476
4565,066914.jpg,6476
4566,072248.jpg,6476
4567,079884.jpg,6476
4568,099416.jpg,6476
4569,107965.jpg,6476
4570,115653.jpg,6476
4582,000378.jpg,7188
4583,006729.jpg,7188
4584,015256.jpg,7188
4585,021702.jpg,7188
4586,032688.jpg,7188
4587,053650.jpg,7188
4588,062218.jpg,7188
4589,070906.jpg,7188
4590,074533.jpg,7188
4591,077986.jpg,7188
4592,078785.jpg,7188
4593,083553.jpg,7188
4594,105418.jpg,7188
4595,111555.jpg,7188
4603,000380.jpg,4496
4604,001032.jpg,4496
4605,004503.jpg,4496
4606,008263.jpg,4496
4607,012755.jpg,4496
4608,025644.jpg,4496
4609,029979.jpg,4496
4610,036308.jpg,4496
4611,049158.jpg,4496
4612,049750.jpg,4496
4613,063834.jpg,4496
4614,067435.jpg,4496
4615,071612.jpg,4496
4616,092777.jpg,4496
4633,000386.jpg,6013
4634,004330.jpg,6013
4635,008855.jpg,6013
4636,013404.jpg,6013
4637,017483.jpg,6013
4638,029622.jpg,6013
4639,056270.jpg,6013
4640,078797.jpg,6013
4641,079493.jpg,6013
4642,095545.jpg,6013
4643,101947.jpg,6013
4644,105374.jpg,6013
4645,119590.jpg,6013
4646,119828.jpg,6013
4648,000387.jpg,5127
4649,004329.jpg,5127
4650,012588.jpg,5127
4651,018627.jpg,5127
4652,022861.jpg,5127
4653,023449.jpg,5127
4654,041441.jpg,5127
4655,046024.jpg,5127
4656,048242.jpg,5127
4657,056636.jpg,5127
4658,059746.jpg,5127
4659,068806.jpg,5127
4660,070899.jpg,5127
4661,088722.jpg,5127
4675,000389.jpg,8192
4676,002594.jpg,8192
4677,014093.jpg,8192
4678,014461.jpg,8192
4679,045796.jpg,8192
4680,053895.jpg,8192
4681,054627.jpg,8192
4682,065970.jpg,8192
4683,084357.jpg,8192
4684,098556.jpg,8192
4685,100460.jpg,8192
4686,106111.jpg,8192
4687,107492.jpg,8192
4688,108841.jpg,8192
4695,000390.jpg,8741
4696,010036.jpg,8741
4697,011482.jpg,8741
4698,035912.jpg,8741
4699,037826.jpg,8741
4700,040870.jpg,8741
4701,049283.jpg,8741
4702,065139.jpg,8741
4703,086941.jpg,8741
4704,098972.jpg,8741
4705,106419.jpg,8741
4706,129155.jpg,8741
4707,139017.jpg,8741
4708,140549.jpg,8741
4711,000393.jpg,9978
4712,002211.jpg,9978
4713,012450.jpg,9978
4714,016887.jpg,9978
4715,028597.jpg,9978
4716,035063.jpg,9978
4717,040393.jpg,9978
4718,045432.jpg,9978
4719,060887.jpg,9978
4720,063216.jpg,9978
4721,069100.jpg,9978
4722,078687.jpg,9978
4723,099629.jpg,9978
4724,107298.jpg,9978
4728,000396.jpg,4284
4729,002119.jpg,4284
4730,021606.jpg,4284
4731,022467.jpg,4284
4732,034819.jpg,4284
4733,036878.jpg,4284
4734,062621.jpg,4284
4735,066221.jpg,4284
4736,069829.jpg,4284
4737,085925.jpg,4284
4738,090620.jpg,4284
4739,093770.jpg,4284
4740,094319.jpg,4284
4741,149751.jpg,4284
4742,000397.jpg,7019
4743,015308.jpg,7019
4744,016312.jpg,7019
4745,023396.jpg,7019
4746,029321.jpg,7019
4747,032561.jpg,7019
4748,039514.jpg,7019
4749,045064.jpg,7019
4750,057303.jpg,7019
4751,066547.jpg,7019
4752,067257.jpg,7019
4753,091571.jpg,7019
4754,107557.jpg,7019
4755,124518.jpg,7019
4760,000398.jpg,2934
4761,015168.jpg,2934
4762,016154.jpg,2934
4763,019353.jpg,2934
4764,020477.jpg,2934
4765,021927.jpg,2934
4766,026960.jpg,2934
4767,046118.jpg,2934
4768,050771.jpg,2934
4769,058989.jpg,2934
4770,061919.jpg,2934
4771,067386.jpg,2934
4772,090775.jpg,2934
4773,094248.jpg,2934
4780,000401.jpg,535
4781,002543.jpg,535
4782,005610.jpg,535
4783,018278.jpg,535
4784,029324.jpg,535
4785,040544.jpg,535
4786,041848.jpg,535
4787,047188.jpg,535
4788,049905.jpg,535
4789,068412.jpg,535
4790,083397.jpg,535
4791,086634.jpg,535
4792,088030.jpg,535
4793,090279.jpg,535
4803,000404.jpg,2880
4804,004390.jpg,2880
4805,025244.jpg,2880
4806,027771.jpg,2880
4807,039393.jpg,2880
4808,052385.jpg,2880
4809,052623.jpg,2880
4810,053311.jpg,2880
4811,058188.jpg,2880
4812,068154.jpg,2880
4813,084705.jpg,2880
4814,090937.jpg,2880
4815,100990.jpg,2880
4816,103728.jpg,2880
4821,000406.jpg,7556
4822,000590.jpg,7556
4823,006370.jpg,7556
4824,008110.jpg,7556
4825,009524.jpg,7556
4826,010330.jpg,7556
4827,014524.jpg,7556
4828,021024.jpg,7556
4829,023673.jpg,7556
4830,038508.jpg,7556
4831,041270.jpg,7556
4832,051719.jpg,7556
4833,056028.jpg,7556
4834,058284.jpg,7556
4848,000407.jpg,6353
4849,019160.jpg,6353
4850,021683.jpg,6353
4851,030068.jpg,6353
4852,046299.jpg,6353
4853,065004.jpg,6353
4854,072983.jpg,6353
4855,074501.jpg,6353
4856,074628.jpg,6353
4857,089744.jpg,6353
4858,108525.jpg,6353
4859,123221.jpg,6353
4860,126720.jpg,6353
4861,127215.jpg,6353
4871,000409.jpg,8226
4872,021739.jpg,8226
4873,027126.jpg,8226
4874,030194.jpg,8226
4875,030383.jpg,8226
4876,042043.jpg,8226
4877,042302.jpg,8226
4878,043782.jpg,8226
4879,058758.jpg,8226
4880,084048.jpg,8226
4881,087258.jpg,8226
4882,091073.jpg,8226
4883,093123.jpg,8226
4884,103036.jpg,8226
4890,000412.jpg,147
4891,001821.jpg,147
4892,015938.jpg,147
4893,025755.jpg,147
4894,029489.jpg,147
4895,033482.jpg,147
4896,044472.jpg,147
4897,051544.jpg,147
4898,059198.jpg,147
4899,069008.jpg,147
4900,104954.jpg,147
4901,111381.jpg,147
4902,116915.jpg,147
4903,118595.jpg,147
4912,000413.jpg,4400
4913,000892.jpg,4400
4914,002989.jpg,4400
4915,003111.jpg,4400
4916,009072.jpg,4400
4917,018616.jpg,4400
4918,032062.jpg,4400
4919,048782.jpg,4400
4920,052720.jpg,4400
4921,059470.jpg,4400
4922,061474.jpg,4400
4923,062471.jpg,4400
4924,072981.jpg,4400
4925,073410.jpg,4400
4931,000414.jpg,2606
4932,005714.jpg,2606
4933,011666.jpg,2606
4934,037706.jpg,2606
4935,039474.jpg,2606
4936,040799.jpg,2606
4937,042467.jpg,2606
4938,046999.jpg,2606
4939,057112.jpg,2606
4940,079716.jpg,2606
4941,085372.jpg,2606
4942,092335.jpg,2606
4943,092351.jpg,2606
4944,092618.jpg,2606
4952,000415.jpg,3023
4953,019007.jpg,3023
4954,024152.jpg,3023
4955,031355.jpg,3023
4956,033110.jpg,3023
4957,041112.jpg,3023
4958,042036.jpg,3023
4959,046638.jpg,3023
4960,055313.jpg,3023
4961,056907.jpg,3023
4962,059016.jpg,3023
4963,068876.jpg,3023
4964,069477.jpg,3023
4965,069909.jpg,3023
4978,000417.jpg,9672
4979,005073.jpg,9672
4980,009063.jpg,9672
4981,015860.jpg,9672
4982,023588.jpg,9672
4983,030826.jpg,9672
4984,038332.jpg,9672
4985,039857.jpg,9672
4986,041236.jpg,9672
4987,044755.jpg,9672
4988,047117.jpg,9672
4989,061225.jpg,9672
4990,077682.jpg,9672
4991,086201.jpg,9672
5003,000418.jpg,3401
5004,004701.jpg,3401
5005,027106.jpg,3401
5006,028922.jpg,3401
5007,035867.jpg,3401
5008,077076.jpg,3401
5009,080082.jpg,3401
5010,090665.jpg,3401
5011,091690.jpg,3401
5012,099460.jpg,3401
5013,102860.jpg,3401
5014,111035.jpg,3401
5015,120502.jpg,3401
5016,122849.jpg,3401
5021,000422.jpg,3737
5022,015605.jpg,3737
5023,035611.jpg,3737
5024,039734.jpg,3737
5025,041210.jpg,3737
5026,059047.jpg,3737
5027,062494.jpg,3737
5028,068012.jpg,3737
5029,095038.jpg,3737
5030,095392.jpg,3737
5031,109147.jpg,3737
5032,112084.jpg,3737
5033,127883.jpg,3737
5034,136766.jpg,3737
5039,000425.jpg,2081
5040,001383.jpg,2081
5041,002772.jpg,2081
5042,010638.jpg,2081
5043,024965.jpg,2081
5044,025479.jpg,2081
5045,027564.jpg,2081
5046,033816.jpg,2081
5047,035492.jpg,2081
5048,037211.jpg,2081
5049,042968.jpg,2081
5050,044617.jpg,2081
5051,052419.jpg,2081
5052,058952.jpg,2081
5063,000426.jpg,7133
5064,021755.jpg,7133
5065,026561.jpg,7133
5066,041799.jpg,7133
5067,067477.jpg,7133
5068,071816.jpg,7133
5069,098051.jpg,7133
5070,099843.jpg,7133
5071,104243.jpg,7133
5072,114247.jpg,7133
5073,127214.jpg,7133
5074,136925.jpg,7133
5075,152218.jpg,7133
5076,153771.jpg,7133
5077,000427.jpg,6767
5078,010386.jpg,6767
5079,011662.jpg,6767
5080,016720.jpg,6767
5081,016949.jpg,6767
5082,022743.jpg,6767
5083,024415.jpg,6767
5084,028880.jpg,6767
5085,036799.jpg,6767
5086,049076.jpg,6767
5087,054976.jpg,6767
5088,055703.jpg,6767
5089,064898.jpg,6767
5090,081731.jpg,6767
5097,000428.jpg,3544
5098,024037.jpg,3544
5099,031068.jpg,3544
5100,043474.jpg,3544
5101,048284.jpg,3544
5102,064273.jpg,3544
5103,073657.jpg,3544
5104,086611.jpg,3544
5105,093033.jpg,3544
5106,107461.jpg,3544
5107,130273.jpg,3544
5108,138663.jpg,3544
5109,139024.jpg,3544
5110,143063.jpg,3544
5117,000429.jpg,1035
5118,022905.jpg,1035
5119,026782.jpg,1035
5120,030164.jpg,1035
5121,038157.jpg,1035
5122,041537.jpg,1035
5123,043057.jpg,1035
5124,043986.jpg,1035
5125,059209.jpg,1035
5126,065173.jpg,1035
5127,070508.jpg,1035
5128,072211.jpg,1035
5129,082601.jpg,1035
5130,096325.jpg,1035
5140,000430.jpg,155
5141,003944.jpg,155
5142,004339.jpg,155
5143,010490.jpg,155
5144,018169.jpg,155
5145,020020.jpg,155
5146,051983.jpg,155
5147,052167.jpg,155
5148,054683.jpg,155
5149,068197.jpg,155
5150,086632.jpg,155
5151,094917.jpg,155
5152,116446.jpg,155
5153,119977.jpg,155
5162,000431.jpg,5329
5163,006906.jpg,5329
5164,018055.jpg,5329
5165,018842.jpg,5329
5166,022170.jpg,5329
5167,023880.jpg,5329
5168,033015.jpg,5329
5169,055754.jpg,5329
5170,068629.jpg,5329
5171,073216.jpg,5329
5172,085321.jpg,5329
5173,095607.jpg,5329
5174,098839.jpg,5329
5175,106645.jpg,5329
5184,000432.jpg,1362
5185,012292.jpg,1362
5186,023474.jpg,1362
5187,026510.jpg,1362
5188,034582.jpg,1362
5189,034746.jpg,1362
5190,039485.jpg,1362
5191,040031.jpg,1362
5192,047056.jpg,1362
5193,049711.jpg,1362
5194,068957.jpg,1362
5195,071069.jpg,1362
5196,072321.jpg,1362
5197,075754.jpg,1362
5210,000433.jpg,8438
5211,006834.jpg,8438
5212,012274.jpg,8438
5213,020583.jpg,8438
5214,052049.jpg,8438
5215,069408.jpg,8438
5216,074931.jpg,8438
5217,086345.jpg,8438
5218,101184.jpg,8438
5219,101857.jpg,8438
5220,117166.jpg,8438
5221,125718.jpg,8438
5222,135320.jpg,8438
5223,135950.jpg,8438
5228,000434.jpg,3625
5229,011732.jpg,3625
5230,013317.jpg,3625
5231,014492.jpg,3625
5232,030188.jpg,3625
5233,031233.jpg,3625
5234,032924.jpg,3625
5235,057210.jpg,3625
5236,059987.jpg,3625
5237,060636.jpg,3625
5238,064211.jpg,3625
5239,073697.jpg,3625
5240,080797.jpg,3625
5241,080847.jpg,3625
5256,000436.jpg,3029
5257,006283.jpg,3029
5258,028828.jpg,3029
5259,035170.jpg,3029
5260,066082.jpg,3029
5261,067209.jpg,3029
5262,082250.jpg,3029
5263,087662.jpg,3029
5264,090922.jpg,3029
5265,098366.jpg,3029
5266,121157.jpg,3029
5267,126997.jpg,3029
5268,131752.jpg,3029
5269,133328.jpg,3029
5271,000437.jpg,3379
5272,003285.jpg,3379
5273,007260.jpg,3379
5274,007348.jpg,3379
5275,022593.jpg,3379
5276,041728.jpg,3379
5277,045353.jpg,3379
5278,066652.jpg,3379
5279,071872.jpg,3379
5280,074026.jpg,3379
5281,075198.jpg,3379
5282,085821.jpg,3379
5283,094133.jpg,3379
5284,105919.jpg,3379
5291,000442.jpg,2063
5292,009989.jpg,2063
5293,014555.jpg,2063
5294,016656.jpg,2063
5295,020183.jpg,2063
5296,024329.jpg,2063
5297,030580.jpg,2063
5298,036018.jpg,2063
5299,040313.jpg,2063
5300,046823.jpg,2063
5301,049984.jpg,2063
5302,067844.jpg,2063
5303,067853.jpg,2063
5304,080143.jpg,2063
5317,000445.jpg,5176
5318,005566.jpg,5176
5319,036243.jpg,5176
5320,036477.jpg,5176
5321,041875.jpg,5176
5322,042022.jpg,5176
5323,055465.jpg,5176
5324,058923.jpg,5176
5325,059532.jpg,5176
5326,061504.jpg,5176
5327,064300.jpg,5176
5328,065641.jpg,5176
5329,067512.jpg,5176
5330,070403.jpg,5176
5345,000449.jpg,8178
5346,007994.jpg,8178
5347,024337.jpg,8178
5348,034159.jpg,8178
5349,046755.jpg,8178
5350,047924.jpg,8178
5351,071963.jpg,8178
5352,079915.jpg,8178
5353,086584.jpg,8178
5354,089730.jpg,8178
5355,108668.jpg,8178
5356,109205.jpg,8178
5357,112730.jpg,8178
5358,113959.jpg,8178
5362,000450.jpg,1057
5363,000905.jpg,1057
5364,019666.jpg,1057
5365,024502.jpg,1057
5366,032778.jpg,1057
5367,038335.jpg,1057
5368,048649.jpg,1057
5369,062812.jpg,1057
5370,074282.jpg,1057
5371,080534.jpg,1057
5372,091650.jpg,1057
5373,102480.jpg,1057
5374,105987.jpg,1057
5375,112187.jpg,1057
5382,000452.jpg,8142
5383,006882.jpg,8142
5384,034813.jpg,8142
5385,038864.jpg,8142
5386,047148.jpg,8142
5387,052495.jpg,8142
5388,097762.jpg,8142
5389,100217.jpg,8142
5390,101473.jpg,8142
5391,105132.jpg,8142
5392,113555.jpg,8142
5393,117589.jpg,8142
5394,146735.jpg,8142
5395,158314.jpg,8142
5397,000456.jpg,5
5398,018771.jpg,5
5399,038782.jpg,5
5400,044156.jpg,5
5401,058156.jpg,5
5402,066343.jpg,5
5403,069570.jpg,5
5404,073114.jpg,5
5405,093187.jpg,5
5406,093951.jpg,5
5407,100300.jpg,5
5408,101049.jpg,5
5409,107859.jpg,5
5410,144161.jpg,5
5415,000458.jpg,1002
5416,007539.jpg,1002
5417,036345.jpg,1002
5418,038964.jpg,1002
5419,041160.jpg,1002
5420,044206.jpg,1002
5421,044543.jpg,1002
5422,049627.jpg,1002
5423,070688.jpg,1002
5424,078045.jpg,1002
5425,086455.jpg,1002
5426,088128.jpg,1002
5427,122137.jpg,1002
5428,130925.jpg,1002
5433,000459.jpg,2706
5434,007045.jpg,2706
5435,010299.jpg,2706
5436,025542.jpg,2706
5437,033699.jpg,2706
5438,038359.jpg,2706
5439,043447.jpg,2706
5440,046683.jpg,2706
5441,057331.jpg,2706
5442,063853.jpg,2706
5443,067166.jpg,2706
5444,090253.jpg,2706
5445,120037.jpg,2706
5446,126788.jpg,2706
5452,000460.jpg,3240
5453,001092.jpg,3240
5454,016724.jpg,3240
5455,025663.jpg,3240
5456,034586.jpg,3240
5457,042443.jpg,3240
5458,057594.jpg,3240
5459,068935.jpg,3240
5460,076297.jpg,3240
5461,078220.jpg,3240
5462,084680.jpg,3240
5463,087435.jpg,3240
5464,099421.jpg,3240
5465,105222.jpg,3240
5470,000461.jpg,7385
5471,003437.jpg,7385
5472,006813.jpg,7385
5473,024797.jpg,7385
5474,036250.jpg,7385
5475,039050.jpg,7385
5476,051789.jpg,7385
5477,053109.jpg,7385
5478,059285.jpg,7385
5479,071454.jpg,7385
5480,072043.jpg,7385
5481,094208.jpg,7385
5482,094449.jpg,7385
5483,103283.jpg,7385
5489,000463.jpg,10130
5490,009783.jpg,10130
5491,031453.jpg,10130
5492,034091.jpg,10130
5493,039234.jpg,10130
5494,052392.jpg,10130
5495,077523.jpg,10130
5496,084560.jpg,10130
5497,084683.jpg,10130
5498,089329.jpg,10130
5499,097908.jpg,10130
5500,104195.jpg,10130
5501,130113.jpg,10130
5502,132317.jpg,10130
5510,000468.jpg,9192
5511,012149.jpg,9192
5512,026289.jpg,9192
5513,030774.jpg,9192
5514,039886.jpg,9192
5515,059096.jpg,9192
5516,079146.jpg,9192
5517,079537.jpg,9192
5518,089115.jpg,9192
5519,094230.jpg,9192
5520,094781.jpg,9192
5521,100621.jpg,9192
5522,105803.jpg,9192
5523,126497.jpg,9192
5528,000469.jpg,4991
5529,011142.jpg,4991
5530,029316.jpg,4991
5531,032642.jpg,4991
5532,033544.jpg,4991
5533,040540.jpg,4991
5534,050868.jpg,4991
5535,052085.jpg,4991
5536,062422.jpg,4991
5537,064680.jpg,4991
5538,095546.jpg,4991
5539,113002.jpg,4991
5540,123551.jpg,4991
5541,124818.jpg,4991
5550,000471.jpg,384
5551,006033.jpg,384
5552,015512.jpg,384
5553,016341.jpg,384
5554,028984.jpg,384
5555,043441.jpg,384
5556,048789.jpg,384
5557,063391.jpg,384
5558,065128.jpg,384
5559,071739.jpg,384
5560,081641.jpg,384
5561,104551.jpg,384
5562,115258.jpg,384
5563,123156.jpg,384
5568,000472.jpg,6361
5569,001183.jpg,6361
5570,003316.jpg,6361
5571,007725.jpg,6361
5572,020025.jpg,6361
5573,023335.jpg,6361
5574,027829.jpg,6361
5575,028753.jpg,6361
5576,045735.jpg,6361
5577,062582.jpg,6361
5578,066770.jpg,6361
5579,072373.jpg,6361
5580,081965.jpg,6361
5581,090856.jpg,6361
5592,000473.jpg,9519
5593,000977.jpg,9519
5594,005993.jpg,9519
5595,024595.jpg,9519
5596,045812.jpg,9519
5597,052534.jpg,9519
5598,054407.jpg,9519
5599,060211.jpg,9519
5600,060401.jpg,9519
5601,062517.jpg,9519
5602,074549.jpg,9519
5603,078659.jpg,9519
5604,082367.jpg,9519
5605,100685.jpg,9519
5612,000474.jpg,3958
5613,012092.jpg,3958
5614,029475.jpg,3958
5615,068940.jpg,3958
5616,073183.jpg,3958
5617,074873.jpg,3958
5618,074879.jpg,3958
5619,075086.jpg,3958
5620,077508.jpg,3958
5621,092698.jpg,3958
5622,099972.jpg,3958
5623,104547.jpg,3958
5624,112676.jpg,3958
5625,129161.jpg,3958
5630,000475.jpg,8916
5631,006148.jpg,8916
5632,016337.jpg,8916
5633,016409.jpg,8916
5634,024123.jpg,8916
5635,025935.jpg,8916
5636,039062.jpg,8916
5637,039170.jpg,8916
5638,044050.jpg,8916
5639,045674.jpg,8916
5640,046428.jpg,8916
5641,054450.jpg,8916
5642,065461.jpg,8916
5643,066273.jpg,8916
5658,000476.jpg,7011
5659,005665.jpg,7011
5660,022709.jpg,7011
5661,044255.jpg,7011
5662,044532.jpg,7011
5663,057708.jpg,7011
5664,060287.jpg,7011
5665,065216.jpg,7011
5666,071457.jpg,7011
5667,078396.jpg,7011
5668,086699.jpg,7011
5669,094345.jpg,7011
5670,100369.jpg,7011
5671,100532.jpg,7011
5675,000477.jpg,10168
5676,004743.jpg,10168
5677,011243.jpg,10168
5678,018349.jpg,10168
5679,042258.jpg,10168
5680,053136.jpg,10168
5681,056962.jpg,10168
5682,064768.jpg,10168
5683,073006.jpg,10168
5684,095798.jpg,10168
5685,098448.jpg,10168
5686,107833.jpg,10168
5687,115388.jpg,10168
5688,139111.jpg,10168
5689,000479.jpg,9047
5690,013697.jpg,9047
5691,018249.jpg,9047
5692,019814.jpg,9047
5693,022628.jpg,9047
5694,023231.jpg,9047
5695,026178.jpg,9047
5696,028167.jpg,9047
5697,028446.jpg,9047
5698,045523.jpg,9047
5699,048128.jpg,9047
5700,054049.jpg,9047
5701,074910.jpg,9047
5702,084468.jpg,9047
5719,000480.jpg,5177
5720,010922.jpg,5177
5721,015967.jpg,5177
5722,019018.jpg,5177
5723,029975.jpg,5177
5724,039153.jpg,5177
5725,044677.jpg,5177
5726,052472.jpg,5177
5727,068903.jpg,5177
5728,068913.jpg,5177
5729,085779.jpg,5177
5730,100943.jpg,5177
5731,102269.jpg,5177
5732,117160.jpg,5177
5741,000481.jpg,22
5742,001677.jpg,22
5743,006085.jpg,22
5744,020549.jpg,22
5745,023894.jpg,22
5746,025925.jpg,22
5747,030669.jpg,22
5748,064250.jpg,22
5749,065422.jpg,22
5750,073133.jpg,22
5751,073532.jpg,22
5752,076966.jpg,22
5753,077617.jpg,22
5754,087477.jpg,22
5770,000483.jpg,7795
5771,020685.jpg,7795
5772,031420.jpg,7795
5773,031532.jpg,7795
5774,033526.jpg,7795
5775,060415.jpg,7795
5776,073786.jpg,7795
5777,075620.jpg,7795
5778,079437.jpg,7795
5779,080271.jpg,7795
5780,082600.jpg,7795
5781,090282.jpg,7795
5782,100039.jpg,7795
5783,107132.jpg,7795
5792,000485.jpg,1723
5793,016325.jpg,1723
5794,025114.jpg,1723
5795,026559.jpg,1723
5796,037500.jpg,1723
5797,040439.jpg,1723
5798,043254.jpg,1723
5799,052910.jpg,1723
5800,059941.jpg,1723
5801,087640.jpg,1723
5802,093070.jpg,1723
5803,099179.jpg,1723
5804,107396.jpg,1723
5805,114275.jpg,1723
5810,000486.jpg,7391
5811,002173.jpg,7391
5812,021260.jpg,7391
5813,022884.jpg,7391
5814,027306.jpg,7391
5815,040533.jpg,7391
5816,042207.jpg,7391
5817,057951.jpg,7391
5818,067852.jpg,7391
5819,078217.jpg,7391
5820,089928.jpg,7391
5821,108859.jpg,7391
5822,109412.jpg,7391
5823,116484.jpg,7391
5831,000488.jpg,1984
5832,001472.jpg,1984
5833,005521.jpg,1984
5834,013040.jpg,1984
5835,028051.jpg,1984
5836,031874.jpg,1984
5837,042154.jpg,1984
5838,046236.jpg,1984
5839,046513.jpg,1984
5840,055371.jpg,1984
5841,060635.jpg,1984
5842,065346.jpg,1984
5843,077027.jpg,1984
5844,081958.jpg,1984
5857,000489.jpg,8532
5858,022716.jpg,8532
5859,032996.jpg,8532
5860,034070.jpg,8532
5861,057712.jpg,8532
5862,069181.jpg,8532
5863,074444.jpg,8532
5864,083879.jpg,8532
5865,099102.jpg,8532
5866,105545.jpg,8532
5867,124297.jpg,8532
5868,139003.jpg,8532
5869,149280.jpg,8532
5870,153632.jpg,8532
5871,000490.jpg,8820
5872,001841.jpg,8820
5873,003853.jpg,8820
5874,009922.jpg,8820
5875,013014.jpg,8820
5876,028709.jpg,8820
5877,030835.jpg,8820
5878,038001.jpg,8820
5879,042407.jpg,8820
5880,043280.jpg,8820
5881,051830.jpg,8820
5882,059701.jpg,8820
5883,062731.jpg,8820
5884,067428.jpg,8820
5900,000491.jpg,7007
5901,004680.jpg,7007
5902,008453.jpg,7007
5903,009812.jpg,7007
5904,010363.jpg,7007
5905,011677.jpg,7007
5906,017103.jpg,7007
5907,035390.jpg,7007
5908,036181.jpg,7007
5909,061192.jpg,7007
5910,067739.jpg,7007
5911,081708.jpg,7007
5912,099068.jpg,7007
5913,113130.jpg,7007
5922,000493.jpg,5236
5923,007523.jpg,5236
5924,007765.jpg,5236
5925,012883.jpg,5236
5926,013983.jpg,5236
5927,024447.jpg,5236
5928,027020.jpg,5236
5929,034555.jpg,5236
5930,037271.jpg,5236
5931,071628.jpg,5236
5932,073973.jpg,5236
5933,087453.jpg,5236
5934,089208.jpg,5236
5935,102881.jpg,5236
5941,000495.jpg,4449
5942,016476.jpg,4449
5943,023559.jpg,4449
5944,027016.jpg,4449
5945,028920.jpg,4449
5946,031807.jpg,4449
5947,033647.jpg,4449
5948,035488.jpg,4449
5949,047947.jpg,4449
5950,057199.jpg,4449
5951,057972.jpg,4449
5952,064835.jpg,4449
5953,102512.jpg,4449
5954,112138.jpg,4449
5965,000497.jpg,7503
5966,006508.jpg,7503
5967,018416.jpg,7503
5968,020278.jpg,7503
5969,023220.jpg,7503
5970,031156.jpg,7503
5971,068950.jpg,7503
5972,068968.jpg,7503
5973,073385.jpg,7503
5974,076136.jpg,7503
5975,082185.jpg,7503
5976,089366.jpg,7503
5977,092038.jpg,7503
5978,097040.jpg,7503
5985,000502.jpg,8365
5986,000922.jpg,8365
5987,002584.jpg,8365
5988,002757.jpg,8365
5989,021542.jpg,8365
5990,028524.jpg,8365
5991,040876.jpg,8365
5992,046976.jpg,8365
5993,048409.jpg,8365
5994,051619.jpg,8365
5995,058837.jpg,8365
5996,062884.jpg,8365
5997,070059.jpg,8365
5998,072597.jpg,8365
6006,000503.jpg,9712
6007,002472.jpg,9712
6008,002948.jpg,9712
6009,003251.jpg,9712
6010,009547.jpg,9712
6011,014069.jpg,9712
6012,016931.jpg,9712
6013,018494.jpg,9712
6014,024756.jpg,9712
6015,030097.jpg,9712
6016,046715.jpg,9712
6017,053820.jpg,9712
6018,058272.jpg,9712
6019,061530.jpg,9712
6032,000504.jpg,2857
6033,002086.jpg,2857
6034,007095.jpg,2857
6035,014777.jpg,2857
6036,015823.jpg,2857
6037,038884.jpg,2857
6038,040691.jpg,2857
6039,047939.jpg,2857
6040,053215.jpg,2857
6041,060987.jpg,2857
6042,065039.jpg,2857
6043,067449.jpg,2857
6044,069869.jpg,2857
6045,070140.jpg,2857
6059,000506.jpg,4446
6060,005764.jpg,4446
6061,009103.jpg,4446
6062,011209.jpg,4446
6063,021214.jpg,4446
6064,029329.jpg,4446
6065,044703.jpg,4446
6066,046361.jpg,4446
6067,058549.jpg,4446
6068,060548.jpg,4446
6069,062623.jpg,4446
6070,067579.jpg,4446
6071,068443.jpg,4446
6072,074942.jpg,4446
6083,000507.jpg,8800
6084,010831.jpg,8800
6085,021781.jpg,8800
6086,022638.jpg,8800
6087,026130.jpg,8800
6088,061267.jpg,8800
6089,062280.jpg,8800
6090,078043.jpg,8800
6091,083674.jpg,8800
6092,092515.jpg,8800
6093,097679.jpg,8800
6094,103081.jpg,8800
6095,106385.jpg,8800
6096,115319.jpg,8800
6105,000516.jpg,2896
6106,033078.jpg,2896
6107,058354.jpg,2896
6108,059067.jpg,2896
6109,068561.jpg,2896
6110,069784.jpg,2896
6111,075019.jpg,2896
6112,093765.jpg,2896
6113,093976.jpg,2896
6114,103615.jpg,2896
6115,105328.jpg,2896
6116,109020.jpg,2896
6117,110938.jpg,2896
6118,112191.jpg,2896
6126,000517.jpg,9108
6127,001649.jpg,9108
6128,029332.jpg,9108
6129,034151.jpg,9108
6130,064851.jpg,9108
6131,069660.jpg,9108
6132,069918.jpg,9108
6133,078354.jpg,9108
6134,089071.jpg,9108
6135,097406.jpg,9108
6136,098478.jpg,9108
6137,102828.jpg,9108
6138,107353.jpg,9108
6139,108809.jpg,9108
6148,000524.jpg,1997
6149,002539.jpg,1997
6150,002639.jpg,1997
6151,002706.jpg,1997
6152,018506.jpg,1997
6153,031309.jpg,1997
6154,033034.jpg,1997
6155,038583.jpg,1997
6156,042598.jpg,1997
6157,043335.jpg,1997
6158,045494.jpg,1997
6159,055595.jpg,1997
6160,099585.jpg,1997
6161,103350.jpg,1997
6171,000525.jpg,3045
6172,012120.jpg,3045
6173,029437.jpg,3045
6174,029800.jpg,3045
6175,051961.jpg,3045
6176,052852.jpg,3045
6177,058342.jpg,3045
6178,060522.jpg,3045
6179,070666.jpg,3045
6180,071350.jpg,3045
6181,075656.jpg,3045
6182,100512.jpg,3045
6183,105772.jpg,3045
6184,129113.jpg,3045
